country,is_trial,churn_flag,max_mrr,total_seats_sub,sub_count,ever_upgraded,ever_downgraded,auto_renew,billing_frequency,plan_tier_sub,ticket_count,mean_resolution_hrs,mean_satisfaction,escalation_count,total_usage_count,total_errors,distinct_features,beta_feature_usage,preceding_downgrade,preceding_upgrade,has_satisfaction_score,tenure_days,industry_DevTools,industry_EdTech,industry_FinTech,industry_HealthTech,referral_source_event,referral_source_organic,referral_source_other,referral_source_partner,error_rate,ticket_rate,mrr_per_seat,feature_adoption_score,is_low_usage,tenure_group
US,0,0,5771,102,10,1,0,1,1,1,2.0,23.0,3.0,0.0,535,38,8,4,0,1,1,549,False,True,False,False,False,False,False,True,0.07102803738317758,0.1092896174863388,56.57843137254902,0.6153846153846154,0,0
IN,0,1,5572,28,8,1,0,1,0,2,3.0,38.0,4.0,0.0,355,14,8,2,0,0,1,975,False,False,True,False,False,False,True,False,0.03943661971830986,0.09230769230769231,199.0,0.6153846153846154,1,1
US,0,0,5771,60,15,1,1,1,0,2,3.0,43.666666666666664,4.666666666666667,0.0,821,48,10,5,1,0,1,599,True,False,False,False,False,True,False,False,0.058465286236297195,0.15025041736227046,96.18333333333334,0.7692307692307693,0,0
UK,1,0,4776,47,7,1,0,1,1,0,2.0,29.0,4.0,0.0,382,21,12,5,0,1,0,965,False,False,False,True,False,False,True,False,0.0549738219895288,0.062176165803108814,101.61702127659575,0.9230769230769231,0,1
US,0,1,21691,109,9,1,0,1,0,2,7.0,42.285714285714285,3.8,1.0,579,31,9,4,0,1,1,538,False,False,False,True,True,False,False,False,0.0535405872193437,0.3903345724907063,199.0,0.6923076923076923,0,0
IN,0,0,6965,49,11,0,0,1,1,0,4.0,43.0,3.0,0.0,457,21,6,6,0,1,1,919,False,True,False,False,False,False,False,False,0.045951859956236324,0.1305767138193689,142.14285714285714,0.46153846153846156,0,1
US,0,0,5174,49,9,0,0,1,0,2,6.0,39.166666666666664,3.8,3.0,373,14,7,3,0,0,1,771,False,False,False,False,False,False,False,False,0.03753351206434316,0.23346303501945526,105.59183673469387,0.5384615384615384,1,1
US,0,0,4179,39,10,0,0,1,1,1,3.0,42.666666666666664,4.0,0.0,382,23,7,5,0,1,0,1099,False,True,False,False,False,False,False,True,0.060209424083769635,0.0818926296633303,107.15384615384616,0.5384615384615384,0,1
CA,0,1,13333,67,10,1,0,1,0,1,4.0,32.5,3.6666666666666665,0.0,472,29,7,5,0,1,1,585,False,False,False,False,True,False,False,False,0.0614406779661017,0.20512820512820512,199.0,0.5384615384615384,0,0
US,0,1,3383,34,6,1,0,1,1,0,3.0,31.333333333333332,3.5,0.0,257,14,8,2,0,0,1,1076,True,False,False,False,False,False,False,True,0.054474708171206226,0.08364312267657993,99.5,0.6153846153846154,1,1
US,0,1,8358,60,19,1,1,1,1,0,3.0,32.666666666666664,5.0,0.0,1053,55,9,13,0,0,1,570,False,False,False,False,False,True,False,False,0.052231718898385564,0.15789473684210525,139.3,0.6923076923076923,0,0
IN,0,0,11741,59,10,1,0,1,1,0,2.0,20.5,5.0,0.0,562,22,10,5,0,0,1,526,False,False,True,False,False,True,False,False,0.03914590747330961,0.11406844106463877,199.0,0.7692307692307693,0,0
US,1,0,12139,62,12,1,0,1,1,1,3.0,40.333333333333336,5.0,1.0,670,30,10,10,0,0,1,1100,True,False,False,False,False,False,False,True,0.04477611940298507,0.08181818181818182,195.79032258064515,0.7692307692307693,0,1
US,1,0,10348,89,12,1,1,1,1,2,4.0,26.75,4.0,0.0,642,26,8,8,0,0,1,824,False,False,False,False,False,False,False,True,0.040498442367601244,0.14563106796116507,116.26966292134831,0.6153846153846154,0,1
UK,0,0,10945,72,13,0,1,1,0,2,2.0,50.5,3.0,0.0,658,49,10,8,1,1,1,504,False,True,False,False,False,False,False,False,0.07446808510638298,0.11904761904761904,152.01388888888889,0.7692307692307693,0,0
US,0,0,14129,71,8,1,0,1,1,1,2.0,24.5,4.0,0.0,531,42,9,7,0,0,1,953,False,False,True,False,False,False,False,True,0.07909604519774012,0.06295907660020987,199.0,0.6923076923076923,0,1
US,0,0,8358,42,7,0,0,1,0,0,6.0,50.166666666666664,4.25,1.0,367,13,7,3,0,0,1,499,False,False,False,True,False,False,False,True,0.035422343324250684,0.36072144288577157,199.0,0.5384615384615384,1,0
CA,0,0,7363,37,6,0,0,1,1,0,6.0,41.666666666666664,3.5,0.0,494,19,8,6,0,0,1,969,False,True,False,False,True,False,False,False,0.038461538461538464,0.18575851393188855,199.0,0.6153846153846154,0,1
DE,0,1,3582,58,9,0,1,1,0,1,5.0,36.0,3.6,0.0,427,18,10,9,0,0,1,1136,False,False,True,False,False,False,True,False,0.04215456674473068,0.13204225352112675,61.758620689655174,0.7692307692307693,0,1
UK,1,0,4378,31,8,1,0,1,1,0,3.0,26.0,4.0,1.0,511,25,8,6,0,1,1,881,False,False,True,False,True,False,False,False,0.04892367906066536,0.1021566401816118,141.2258064516129,0.6153846153846154,0,1
US,0,0,2786,32,14,1,1,1,1,2,4.0,14.25,4.666666666666667,1.0,653,44,8,15,0,0,1,734,False,False,True,False,False,False,False,False,0.06738131699846861,0.16348773841961853,87.0625,0.6153846153846154,0,1
US,0,0,2388,28,8,1,1,1,0,2,9.0,31.333333333333332,4.0,1.0,337,20,6,5,0,0,1,629,False,False,False,True,False,False,True,False,0.05934718100890208,0.4292527821939587,85.28571428571429,0.46153846153846156,1,0
US,0,1,15522,78,14,1,0,1,1,0,3.0,31.333333333333332,3.3333333333333335,0.0,687,37,7,8,0,1,1,606,True,False,False,False,False,False,False,False,0.053857350800582245,0.1485148514851485,199.0,0.5384615384615384,0,0
IN,0,1,17114,86,8,0,0,1,1,1,3.0,57.666666666666664,4.0,0.0,402,22,9,10,0,0,1,698,False,True,False,False,False,True,False,False,0.05472636815920398,0.12893982808022922,199.0,0.6923076923076923,0,0
IN,0,0,1617,39,7,0,1,1,0,2,0.0,0.0,4.0,0.0,324,20,7,2,0,0,0,561,False,False,True,False,True,False,False,False,0.06172839506172839,0.0,41.46153846153846,0.5384615384615384,1,0
US,0,1,5174,47,9,1,0,1,0,0,5.0,34.0,4.5,0.0,488,19,8,2,0,0,1,1138,True,False,False,False,True,False,False,False,0.0389344262295082,0.1318101933216169,110.08510638297872,0.6153846153846154,0,1
AU,1,0,7761,39,9,0,1,1,0,2,2.0,33.0,4.0,0.0,602,31,9,7,0,0,0,946,False,False,False,True,False,True,False,False,0.05149501661129568,0.06342494714587738,199.0,0.6923076923076923,0,1
IN,0,1,9751,49,16,1,0,1,1,1,4.0,49.75,5.0,0.0,791,37,7,7,0,0,1,1086,False,False,False,True,False,False,False,True,0.04677623261694058,0.11049723756906077,199.0,0.5384615384615384,0,1
US,0,0,27064,136,10,0,0,1,1,2,4.0,34.0,4.0,0.0,538,44,10,6,0,0,1,903,True,False,False,False,False,True,False,False,0.08178438661710037,0.13289036544850497,199.0,0.7692307692307693,0,1
IN,0,0,3980,34,7,1,0,1,0,0,2.0,61.5,3.5,0.0,329,12,8,5,0,0,1,934,False,False,False,True,False,False,True,False,0.0364741641337386,0.06423982869379015,117.05882352941177,0.6153846153846154,1,1
CA,0,0,2597,53,10,1,1,1,0,1,5.0,24.8,4.0,1.0,540,23,7,5,0,0,1,563,False,False,False,False,False,False,True,False,0.04259259259259259,0.2664298401420959,49.0,0.5384615384615384,0,0
US,0,0,3184,22,7,1,1,1,0,1,5.0,45.4,3.6666666666666665,0.0,424,30,8,2,0,0,1,1000,False,False,True,False,False,False,False,False,0.07075471698113207,0.15,144.72727272727272,0.6153846153846154,0,1
US,0,1,5970,77,11,0,0,1,0,2,3.0,43.0,3.0,0.0,651,32,9,7,0,0,1,660,False,True,False,False,True,False,False,False,0.04915514592933948,0.13636363636363635,77.53246753246754,0.6923076923076923,0,0
AU,1,0,4975,44,12,1,0,1,0,0,6.0,23.666666666666668,4.0,0.0,693,27,8,5,0,0,1,1089,False,False,False,False,False,False,False,True,0.03896103896103896,0.1652892561983471,113.06818181818181,0.6153846153846154,0,1
AU,0,0,2646,60,7,1,0,1,0,0,1.0,27.0,4.0,0.0,385,11,8,6,0,0,1,1144,False,False,True,False,False,True,False,False,0.02857142857142857,0.026223776223776224,44.1,0.6153846153846154,0,1
FR,0,0,456,37,4,0,0,1,1,0,7.0,40.857142857142854,4.6,0.0,248,13,6,3,1,0,1,706,False,True,False,False,False,False,True,False,0.05241935483870968,0.29745042492917845,12.324324324324325,0.46153846153846156,1,0
DE,1,0,3582,53,9,0,0,1,0,1,8.0,30.75,4.25,1.0,376,31,7,3,0,0,1,1072,True,False,False,False,False,False,False,False,0.08244680851063829,0.22388059701492538,67.58490566037736,0.5384615384615384,0,1
US,0,0,4975,79,12,1,1,1,1,1,4.0,64.0,4.0,0.0,733,53,9,4,0,0,1,663,False,False,False,True,False,False,False,False,0.0723055934515689,0.18099547511312217,62.9746835443038,0.6923076923076923,0,0
IN,0,0,4459,91,6,0,0,1,0,1,5.0,44.2,4.8,0.0,248,10,6,4,0,1,1,497,False,False,True,False,True,False,False,False,0.04032258064516129,0.30181086519114686,49.0,0.46153846153846156,1,0
US,0,0,2009,81,11,0,1,1,1,0,5.0,27.2,4.0,0.0,647,33,9,4,0,0,1,538,False,False,False,False,False,False,True,False,0.05100463678516229,0.2788104089219331,24.80246913580247,0.6923076923076923,0,0
US,0,0,18308,92,12,1,0,1,1,1,4.0,20.0,4.0,0.0,706,46,7,9,0,1,1,1080,False,False,True,False,False,False,False,True,0.06515580736543909,0.1111111111111111,199.0,0.5384615384615384,0,1
US,0,0,2786,63,7,1,0,1,1,0,3.0,40.333333333333336,4.333333333333333,0.0,493,31,8,5,0,0,1,601,False,False,False,True,False,False,False,False,0.06288032454361055,0.14975041597337768,44.22222222222222,0.6153846153846154,0,0
US,0,1,7164,60,15,1,0,1,0,2,1.0,36.0,3.0,0.0,734,38,7,5,0,0,1,1131,False,True,False,False,False,True,False,False,0.051771117166212535,0.02652519893899204,119.4,0.5384615384615384,0,1
US,0,0,7960,95,13,1,0,1,1,0,2.0,12.0,4.5,0.0,666,31,8,5,0,0,1,1131,False,False,False,True,True,False,False,False,0.046546546546546545,0.05305039787798408,83.78947368421052,0.6153846153846154,0,1
IN,0,0,9552,48,13,1,0,1,0,0,3.0,42.666666666666664,3.5,0.0,672,36,8,4,0,0,1,651,False,False,True,False,False,False,True,False,0.05357142857142857,0.1382488479262673,199.0,0.6153846153846154,0,0
IN,0,0,8159,67,10,1,0,1,1,1,3.0,26.333333333333332,5.0,0.0,465,19,7,7,0,1,1,719,False,False,True,False,True,False,False,False,0.04086021505376344,0.12517385257301808,121.77611940298507,0.5384615384615384,0,0
UK,0,0,4378,56,11,1,1,1,0,1,2.0,18.5,4.5,1.0,597,31,7,3,0,0,1,1107,False,True,False,False,False,False,False,True,0.051926298157453935,0.05420054200542006,78.17857142857143,0.5384615384615384,0,1
AU,0,0,17910,102,15,1,1,1,1,1,5.0,22.4,4.333333333333333,0.0,693,27,8,6,1,0,1,783,True,False,False,False,False,True,False,False,0.03896103896103896,0.19157088122605362,175.58823529411765,0.6153846153846154,0,1
US,1,0,10746,54,12,0,0,1,1,1,4.0,42.25,3.6666666666666665,0.0,489,21,7,3,0,0,1,534,False,True,False,False,False,False,False,True,0.04294478527607362,0.2247191011235955,199.0,0.5384615384615384,0,0
US,1,0,6368,55,13,1,1,1,0,0,5.0,27.4,4.0,0.0,523,24,6,5,0,1,1,949,False,False,True,False,True,False,False,False,0.045889101338432124,0.15806111696522657,115.78181818181818,0.46153846153846156,0,1
US,0,1,9353,50,12,1,1,1,1,0,2.0,42.0,3.0,0.0,696,60,9,5,0,1,1,771,False,False,True,False,False,False,False,False,0.08620689655172414,0.07782101167315175,187.06,0.6923076923076923,0,1
US,0,0,7164,74,16,1,1,1,1,1,3.0,47.333333333333336,5.0,0.0,746,63,8,7,0,0,1,750,False,False,False,True,False,False,True,False,0.08445040214477212,0.12,96.8108108108108,0.6153846153846154,0,1
US,0,0,4577,59,11,1,0,1,0,2,6.0,23.333333333333332,4.0,0.0,514,34,8,5,0,0,1,1108,False,False,True,False,True,False,False,False,0.06614785992217899,0.1624548736462094,77.57627118644068,0.6153846153846154,0,1
DE,0,0,8159,41,8,1,1,1,1,1,3.0,50.333333333333336,4.0,0.0,375,30,8,4,0,1,1,985,True,False,False,False,False,False,False,False,0.08,0.09137055837563451,199.0,0.6153846153846154,0,1
US,0,1,980,42,8,1,0,1,1,1,2.0,34.5,3.5,0.0,418,22,8,6,0,1,1,1201,True,False,False,False,True,False,False,False,0.05263157894736842,0.04995836802664447,23.333333333333332,0.6153846153846154,0,1
UK,0,1,7164,36,16,1,0,1,0,1,3.0,48.333333333333336,3.5,0.0,818,27,9,10,0,0,1,770,False,False,False,True,True,False,False,False,0.03300733496332518,0.11688311688311688,199.0,0.6923076923076923,0,1
US,0,0,3781,41,8,1,0,1,0,1,3.0,42.666666666666664,4.0,0.0,399,12,8,3,0,0,0,1009,False,False,False,False,False,True,False,False,0.03007518796992481,0.08919722497522299,92.21951219512195,0.6153846153846154,0,1
IN,0,0,6965,70,17,1,1,1,1,0,4.0,35.25,4.333333333333333,0.0,924,59,9,13,0,0,1,648,False,True,False,False,False,True,False,False,0.06385281385281386,0.18518518518518517,99.5,0.6923076923076923,0,0
US,0,0,12338,62,13,1,1,1,1,0,2.0,15.0,4.0,0.0,477,25,7,5,0,0,1,605,True,False,False,False,False,False,True,False,0.05241090146750524,0.09917355371900825,199.0,0.5384615384615384,0,0
US,0,1,5771,30,9,1,1,1,1,2,3.0,37.0,4.0,0.0,439,17,6,3,1,0,1,1145,False,False,False,True,False,False,False,False,0.0387243735763098,0.07860262008733625,192.36666666666667,0.46153846153846156,0,1
UK,1,0,3184,68,12,1,1,1,1,1,6.0,28.5,4.5,0.0,565,38,7,5,0,0,1,594,False,True,False,False,False,False,False,False,0.06725663716814159,0.30303030303030304,46.8235294117647,0.5384615384615384,0,0
US,0,0,8159,41,12,1,0,1,1,2,6.0,26.833333333333332,3.5,0.0,464,25,7,5,0,0,1,1081,False,False,False,True,False,False,True,False,0.05387931034482758,0.16651248843663274,199.0,0.5384615384615384,0,1
US,0,0,1617,33,5,0,0,1,1,0,4.0,17.0,3.75,0.0,295,22,8,3,1,1,1,569,False,True,False,False,False,False,True,False,0.07457627118644068,0.210896309314587,49.0,0.6153846153846154,1,0
DE,1,0,11741,103,13,0,0,1,1,1,5.0,30.2,5.0,0.0,729,45,11,8,0,0,1,668,False,False,False,False,False,False,False,False,0.06172839506172839,0.22455089820359284,113.99029126213593,0.8461538461538461,0,0
US,0,0,13930,70,10,1,0,1,0,0,5.0,39.4,4.0,0.0,511,35,8,5,0,0,1,882,False,False,True,False,False,False,False,False,0.0684931506849315,0.17006802721088435,199.0,0.6153846153846154,0,1
US,0,0,7164,36,12,1,1,1,1,0,5.0,24.2,4.333333333333333,0.0,599,33,8,5,1,1,1,543,False,False,False,False,False,True,False,False,0.05509181969949917,0.2762430939226519,199.0,0.6153846153846154,0,0
FR,0,0,9751,49,9,1,0,1,0,0,5.0,51.4,3.5,1.0,565,45,9,5,0,1,1,734,False,False,False,True,False,True,False,False,0.07964601769911504,0.20435967302452318,199.0,0.6923076923076923,0,1
US,0,0,6965,35,14,1,1,1,0,1,2.0,45.0,4.0,0.0,528,31,6,6,0,0,1,653,False,False,True,False,False,False,False,False,0.058712121212121215,0.09188361408882083,199.0,0.46153846153846156,0,0
US,1,1,8955,82,11,0,0,1,0,1,4.0,29.5,4.0,0.0,396,26,8,7,0,0,1,1133,False,False,True,False,False,False,False,False,0.06565656565656566,0.1059135039717564,109.20731707317073,0.6153846153846154,0,1
UK,1,1,12537,63,13,1,0,1,1,2,5.0,35.4,4.75,0.0,692,25,8,6,0,0,1,647,False,False,False,False,False,False,True,False,0.036127167630057806,0.23183925811437403,199.0,0.6153846153846154,0,0
US,0,0,6965,51,6,1,0,1,0,0,2.0,15.5,4.0,0.0,393,13,7,2,0,0,1,520,False,False,False,True,False,True,False,False,0.03307888040712468,0.11538461538461539,136.5686274509804,0.5384615384615384,0,0
AU,0,0,9950,99,12,0,1,1,1,2,4.0,33.5,4.0,0.0,597,22,8,3,0,0,1,933,False,True,False,False,False,False,True,False,0.03685092127303183,0.12861736334405144,100.5050505050505,0.6153846153846154,0,1
UK,0,0,4378,30,12,1,0,1,1,2,1.0,72.0,4.0,0.0,545,43,8,1,0,0,1,925,False,False,False,False,False,False,False,True,0.07889908256880734,0.032432432432432434,145.93333333333334,0.6153846153846154,0,1
US,0,0,7363,68,15,1,0,1,1,1,2.0,39.0,5.0,0.0,689,61,10,6,0,0,1,500,False,False,False,False,False,False,False,True,0.08853410740203194,0.12,108.27941176470588,0.7692307692307693,0,0
CA,0,0,5572,28,8,0,0,1,0,2,3.0,17.666666666666668,4.0,0.0,366,20,9,7,0,0,1,1109,True,False,False,False,False,True,False,False,0.0546448087431694,0.0811541929666366,199.0,0.6923076923076923,1,1
UK,0,0,5174,26,12,0,0,1,1,2,3.0,36.666666666666664,3.0,0.0,581,30,9,10,0,0,1,862,False,False,True,False,False,False,False,True,0.05163511187607573,0.10440835266821345,199.0,0.6923076923076923,0,1
IN,0,0,8756,44,14,0,0,1,1,2,3.0,17.333333333333332,4.5,1.0,684,28,11,5,0,0,1,751,False,False,False,True,False,False,True,False,0.04093567251461988,0.11984021304926763,199.0,0.8461538461538461,0,1
DE,0,0,5635,115,12,1,1,1,1,0,4.0,33.75,3.0,0.0,511,33,10,6,1,1,1,1089,False,True,False,False,False,False,False,False,0.06457925636007827,0.11019283746556474,49.0,0.7692307692307693,0,1
US,0,0,11940,60,9,1,0,1,0,2,1.0,51.0,4.0,0.0,451,28,9,4,0,0,0,1167,False,False,False,False,False,False,False,False,0.06208425720620843,0.02570694087403599,199.0,0.6923076923076923,0,1
US,0,1,2786,49,8,1,0,1,1,2,8.0,41.25,3.3333333333333335,1.0,538,31,9,6,0,1,1,1073,False,True,False,False,False,True,False,False,0.05762081784386617,0.22367194780987884,56.857142857142854,0.6923076923076923,0,1
UK,0,0,11144,148,10,1,1,1,0,2,3.0,37.333333333333336,4.5,0.0,455,21,7,8,0,1,1,988,False,False,True,False,False,False,False,True,0.046153846153846156,0.0910931174089069,75.29729729729729,0.5384615384615384,0,1
IN,1,0,4577,23,10,1,0,1,1,1,4.0,28.5,5.0,0.0,335,17,5,2,0,0,1,787,False,False,False,True,False,False,False,False,0.050746268656716415,0.15247776365946633,199.0,0.38461538461538464,1,1
US,0,0,7562,42,19,1,0,1,0,1,3.0,35.666666666666664,4.0,0.0,993,45,11,15,0,0,1,1022,True,False,False,False,False,False,False,True,0.045317220543806644,0.08806262230919765,180.04761904761904,0.8461538461538461,0,1
US,0,0,7562,38,8,1,1,1,0,2,3.0,26.666666666666668,4.0,0.0,461,32,7,5,0,1,1,518,False,False,True,False,False,True,False,False,0.06941431670281996,0.17374517374517376,199.0,0.5384615384615384,0,0
US,0,1,9154,46,8,0,0,1,1,1,1.0,36.0,4.0,0.0,373,16,7,1,0,0,0,1164,True,False,False,False,True,False,False,False,0.04289544235924933,0.025773195876288662,199.0,0.5384615384615384,1,1
US,0,0,6965,49,16,1,1,1,1,1,3.0,42.333333333333336,3.0,1.0,696,26,9,7,0,0,1,891,False,False,True,False,False,False,False,False,0.03735632183908046,0.10101010101010101,142.14285714285714,0.6923076923076923,0,1
AU,1,0,10945,55,9,1,0,1,0,1,7.0,30.571428571428573,3.6666666666666665,0.0,402,17,7,3,0,0,1,867,False,False,False,False,False,False,False,True,0.04228855721393035,0.24221453287197234,199.0,0.5384615384615384,0,1
US,1,0,18308,111,12,0,0,1,1,1,6.0,39.833333333333336,3.5,0.0,626,29,9,10,0,0,1,547,False,False,False,True,False,False,True,False,0.0463258785942492,0.3290676416819013,164.93693693693695,0.6923076923076923,0,0
AU,0,0,8159,41,7,1,0,1,1,1,0.0,0.0,4.0,0.0,404,16,8,0,0,0,0,1175,False,True,False,False,False,False,False,True,0.039603960396039604,0.0,199.0,0.6153846153846154,0,1
US,0,0,6027,123,8,0,0,1,1,2,5.0,33.2,3.75,1.0,438,22,8,2,0,0,1,609,False,False,False,False,False,False,True,False,0.0502283105022831,0.24630541871921183,49.0,0.6153846153846154,0,0
US,0,0,6567,92,9,0,0,1,0,0,3.0,35.333333333333336,4.333333333333333,0.0,449,28,7,7,0,0,1,850,False,False,False,False,False,False,True,False,0.062360801781737196,0.10588235294117647,71.3804347826087,0.5384615384615384,0,1
US,0,0,9552,65,14,1,0,1,1,2,4.0,52.25,4.666666666666667,1.0,585,24,8,5,0,0,1,809,False,False,False,True,False,True,False,False,0.041025641025641026,0.14833127317676145,146.95384615384614,0.6153846153846154,0,1
US,0,0,6368,57,5,0,1,1,1,1,6.0,42.666666666666664,4.666666666666667,0.0,229,15,6,3,0,0,1,757,False,True,False,False,False,False,True,False,0.06550218340611354,0.23778071334214002,111.71929824561404,0.46153846153846156,1,1
US,0,0,7761,73,12,1,1,1,1,1,3.0,56.333333333333336,3.5,0.0,609,30,8,9,0,0,1,517,False,False,True,False,False,True,False,False,0.04926108374384237,0.17408123791102514,106.31506849315069,0.6153846153846154,0,0
US,1,0,13930,95,13,1,1,1,0,0,4.0,44.75,4.5,0.0,506,23,7,7,0,0,1,865,False,False,False,True,False,True,False,False,0.045454545454545456,0.13872832369942198,146.6315789473684,0.5384615384615384,0,1
US,0,0,15522,78,8,1,0,1,1,0,8.0,45.125,4.0,0.0,370,21,7,7,0,0,1,896,False,False,False,True,True,False,False,False,0.05675675675675676,0.26785714285714285,199.0,0.5384615384615384,1,1
US,0,1,5572,47,13,1,1,1,0,2,2.0,35.5,4.0,0.0,565,20,8,6,0,0,1,791,False,False,False,False,False,False,False,False,0.035398230088495575,0.07585335018963338,118.55319148936171,0.6153846153846154,0,1
UK,0,0,6368,33,7,1,0,1,1,1,3.0,40.666666666666664,4.0,0.0,337,16,8,1,0,0,1,523,True,False,False,False,False,False,False,False,0.04747774480712166,0.17208413001912046,192.96969696969697,0.6153846153846154,1,0
US,0,0,9950,50,9,0,0,1,0,1,3.0,47.333333333333336,3.5,0.0,334,26,8,5,0,0,1,621,False,False,False,False,False,True,False,False,0.07784431137724551,0.14492753623188406,199.0,0.6153846153846154,1,0
US,0,1,11144,56,12,0,1,1,1,2,9.0,36.55555555555556,4.0,0.0,605,32,11,6,0,0,1,910,False,False,True,False,False,False,True,False,0.05289256198347107,0.2967032967032967,199.0,0.8461538461538461,0,1
US,0,0,2388,29,10,1,0,1,0,0,8.0,48.75,4.166666666666667,1.0,567,42,7,9,0,1,1,533,False,False,False,False,True,False,False,False,0.07407407407407407,0.45028142589118203,82.34482758620689,0.5384615384615384,0,0
US,0,0,9353,47,14,1,1,1,0,1,7.0,38.285714285714285,3.5,0.0,614,25,7,7,0,0,1,985,False,False,False,True,False,False,False,False,0.04071661237785016,0.21319796954314718,199.0,0.5384615384615384,0,1
US,0,0,3781,54,11,1,0,1,1,0,5.0,43.0,4.0,1.0,552,36,8,5,0,0,1,1117,False,False,False,False,False,False,True,False,0.06521739130434782,0.1342882721575649,70.01851851851852,0.6153846153846154,0,1
UK,0,1,4378,35,7,0,0,1,0,0,4.0,43.0,3.6666666666666665,0.0,412,24,8,4,0,0,1,1108,False,False,True,False,False,False,False,False,0.05825242718446602,0.10830324909747294,125.08571428571429,0.6153846153846154,0,1
US,0,0,3969,81,12,1,0,1,0,2,6.0,37.5,4.333333333333333,0.0,642,38,10,7,0,0,1,1053,False,True,False,False,True,False,False,False,0.059190031152647975,0.17094017094017094,49.0,0.7692307692307693,0,1
US,0,1,7960,44,12,1,0,1,1,2,3.0,6.333333333333333,4.0,0.0,659,31,8,12,1,0,1,1129,True,False,False,False,False,False,True,False,0.04704097116843703,0.07971656333038087,180.9090909090909,0.6153846153846154,0,1
US,0,0,2989,61,9,1,1,1,1,2,5.0,44.8,5.0,0.0,429,17,7,5,0,0,1,490,True,False,False,False,False,False,False,False,0.039627039627039624,0.30612244897959184,49.0,0.5384615384615384,0,0
AU,0,0,5970,64,15,1,1,1,0,1,0.0,0.0,4.0,0.0,768,32,9,3,0,0,0,532,False,True,False,False,False,True,False,False,0.041666666666666664,0.0,93.28125,0.6923076923076923,0,0
CA,0,0,12139,61,10,0,0,1,1,0,5.0,31.4,3.5,0.0,435,26,6,6,0,0,1,979,False,False,True,False,False,False,True,False,0.059770114942528735,0.15321756894790603,199.0,0.46153846153846156,0,1
US,0,0,5174,26,8,1,0,1,0,0,5.0,33.2,4.5,0.0,336,20,6,3,0,1,1,1152,False,False,False,True,False,True,False,False,0.05952380952380952,0.13020833333333334,199.0,0.46153846153846156,1,1
UK,0,1,6368,71,11,1,0,1,0,0,5.0,48.2,3.3333333333333335,1.0,438,24,9,5,0,0,1,1067,True,False,False,False,False,False,True,False,0.0547945205479452,0.14058106841611995,89.69014084507042,0.6923076923076923,0,1
UK,1,1,3184,54,8,1,0,1,0,1,4.0,31.0,3.0,0.0,266,18,6,2,0,0,1,879,True,False,False,False,False,False,True,False,0.06766917293233082,0.13651877133105803,58.96296296296296,0.46153846153846156,1,1
AU,0,0,7562,38,6,0,0,1,0,0,3.0,28.333333333333332,3.6666666666666665,1.0,294,12,10,2,0,0,1,642,True,False,False,False,True,False,False,False,0.04081632653061224,0.14018691588785048,199.0,0.7692307692307693,1,0
CA,0,0,16517,83,8,1,1,1,0,1,3.0,37.0,5.0,0.0,417,18,8,4,0,0,1,938,False,False,True,False,False,False,False,True,0.04316546762589928,0.09594882729211088,199.0,0.6153846153846154,0,1
US,0,0,17512,88,9,0,0,1,0,2,5.0,45.0,4.0,0.0,599,39,12,6,0,0,1,707,False,False,True,False,False,True,False,False,0.0651085141903172,0.21216407355021216,199.0,0.9230769230769231,0,0
US,0,1,6766,40,9,1,0,1,0,2,6.0,30.333333333333332,4.6,1.0,527,25,10,7,1,0,1,911,False,False,True,False,False,False,False,True,0.04743833017077799,0.19758507135016465,169.15,0.7692307692307693,0,1
US,0,0,6567,67,6,0,1,1,0,1,4.0,23.25,4.0,1.0,364,30,8,2,0,0,0,1121,False,False,True,False,True,False,False,False,0.08241758241758242,0.10704727921498662,98.01492537313433,0.6153846153846154,1,1
US,0,1,8557,47,11,1,1,1,1,0,5.0,21.2,4.25,0.0,611,34,8,8,0,0,1,1047,False,False,True,False,True,False,False,False,0.05564648117839607,0.14326647564469916,182.06382978723406,0.6153846153846154,0,1
US,0,1,4378,53,7,1,1,1,1,2,3.0,29.0,4.0,0.0,411,41,8,2,0,0,1,648,True,False,False,False,False,False,False,False,0.09975669099756691,0.13888888888888887,82.60377358490567,0.6153846153846154,0,0
DE,0,0,8557,43,9,1,0,1,1,0,3.0,33.333333333333336,5.0,0.0,502,30,11,7,0,0,1,805,False,False,False,True,False,True,False,False,0.05976095617529881,0.11180124223602485,199.0,0.8461538461538461,0,1
US,0,0,12537,63,12,0,1,1,1,1,2.0,42.5,5.0,0.0,533,40,8,3,0,1,1,814,True,False,False,False,False,False,False,True,0.075046904315197,0.07371007371007371,199.0,0.6153846153846154,0,1
US,0,0,3184,119,9,1,0,1,1,0,5.0,37.8,4.0,0.0,465,18,7,7,0,0,1,804,True,False,False,False,False,False,True,False,0.03870967741935484,0.18656716417910446,26.756302521008404,0.5384615384615384,0,1
US,0,1,12736,64,9,1,0,1,0,2,3.0,36.333333333333336,3.0,0.0,499,28,9,5,1,0,1,978,True,False,False,False,True,False,False,False,0.056112224448897796,0.09202453987730061,199.0,0.6923076923076923,0,1
US,1,1,7761,39,14,1,1,1,1,0,3.0,36.333333333333336,4.0,1.0,713,38,8,4,0,1,1,1174,True,False,False,False,True,False,False,False,0.05329593267882188,0.07666098807495741,199.0,0.6153846153846154,0,1
DE,0,1,9154,74,10,0,1,1,0,1,3.0,15.333333333333334,4.333333333333333,0.0,587,29,8,2,1,0,1,1034,True,False,False,False,False,False,True,False,0.049403747870528106,0.08704061895551257,123.70270270270271,0.6153846153846154,0,1
US,0,1,8955,85,15,0,1,1,1,1,3.0,28.0,4.0,1.0,922,47,11,10,0,0,1,1176,True,False,False,False,False,True,False,False,0.0509761388286334,0.07653061224489795,105.3529411764706,0.8461538461538461,0,1
US,0,1,6567,33,10,0,0,1,1,0,7.0,40.42857142857143,3.8,0.0,558,31,8,7,0,0,1,545,True,False,False,False,True,False,False,False,0.05555555555555555,0.38532110091743116,199.0,0.6153846153846154,0,0
US,0,0,5174,30,11,1,0,1,0,0,1.0,72.0,4.0,0.0,516,33,8,4,0,0,0,1152,False,False,False,False,False,False,False,False,0.06395348837209303,0.026041666666666668,172.46666666666667,0.6153846153846154,0,1
IN,0,0,5174,38,6,1,0,1,1,1,4.0,32.5,4.0,1.0,176,13,5,2,0,0,1,869,False,False,False,False,True,False,False,False,0.07386363636363637,0.13808975834292292,136.1578947368421,0.38461538461538464,1,1
CA,0,0,4776,34,16,1,0,1,0,0,2.0,42.0,3.0,0.0,789,42,8,9,0,0,1,772,False,False,False,False,True,False,False,False,0.053231939163498096,0.07772020725388601,140.47058823529412,0.6153846153846154,0,1
FR,0,0,18507,93,8,0,0,1,0,0,1.0,13.0,3.0,0.0,475,23,8,5,0,0,1,651,False,True,False,False,False,False,False,True,0.04842105263157895,0.04608294930875576,199.0,0.6153846153846154,0,0
IN,0,0,5771,33,3,0,0,1,0,1,6.0,26.166666666666668,3.6666666666666665,0.0,207,7,10,3,0,0,1,538,False,True,False,False,False,True,False,False,0.033816425120772944,0.3345724907063197,174.87878787878788,0.7692307692307693,1,0
CA,0,0,1960,40,6,1,1,1,1,2,4.0,31.25,4.0,0.0,300,12,7,6,0,0,1,950,False,False,True,False,False,False,True,False,0.04,0.12631578947368421,49.0,0.5384615384615384,1,1
US,1,0,5572,61,15,0,0,1,0,0,5.0,36.2,5.0,0.0,830,54,9,10,0,0,1,959,False,False,True,False,False,True,False,False,0.06506024096385542,0.15641293013555788,91.34426229508196,0.6923076923076923,0,1
UK,0,0,4975,40,7,0,0,1,1,1,5.0,32.8,4.333333333333333,0.0,346,19,9,2,0,0,1,980,True,False,False,False,False,False,False,True,0.05491329479768786,0.15306122448979592,124.375,0.6923076923076923,1,1
FR,0,1,8955,45,5,0,1,1,0,2,6.0,32.5,3.6666666666666665,1.0,208,11,5,1,0,0,1,583,False,False,False,True,False,True,False,False,0.052884615384615384,0.30874785591766724,199.0,0.38461538461538464,1,0
US,1,0,9353,56,11,1,0,1,1,0,4.0,22.5,5.0,1.0,560,40,8,3,0,1,1,885,False,True,False,False,False,False,False,True,0.07142857142857142,0.13559322033898305,167.01785714285714,0.6153846153846154,0,1
US,0,0,11741,82,6,0,1,1,0,0,7.0,33.0,4.2,0.0,167,16,5,0,0,0,1,510,True,False,False,False,False,False,False,False,0.09580838323353294,0.4117647058823529,143.1829268292683,0.38461538461538464,1,0
US,0,0,8955,50,13,1,1,1,0,1,3.0,45.333333333333336,4.5,0.0,650,37,9,6,0,1,1,597,False,False,True,False,False,False,False,True,0.05692307692307692,0.15075376884422112,179.1,0.6923076923076923,0,0
IN,0,0,4378,53,10,1,1,1,1,0,4.0,28.0,5.0,1.0,561,29,8,9,1,0,1,589,False,True,False,False,False,False,True,False,0.05169340463458111,0.2037351443123939,82.60377358490567,0.6153846153846154,0,0
US,0,1,8955,117,15,0,1,1,1,1,6.0,37.833333333333336,5.0,1.0,685,45,9,7,0,0,1,848,False,False,False,True,False,False,False,True,0.06569343065693431,0.21226415094339623,76.53846153846153,0.6923076923076923,0,1
US,1,0,2985,26,12,1,1,1,0,2,3.0,32.666666666666664,5.0,0.0,543,35,7,4,0,0,1,685,False,False,False,False,True,False,False,False,0.06445672191528545,0.13138686131386862,114.8076923076923,0.5384615384615384,0,0
FR,0,0,3184,17,9,1,0,1,0,0,2.0,10.0,3.0,0.0,562,30,7,3,0,0,1,1095,True,False,False,False,True,False,False,False,0.05338078291814947,0.0547945205479452,187.2941176470588,0.5384615384615384,0,1
US,1,0,6567,68,11,1,0,1,0,1,2.0,68.5,3.0,1.0,697,40,8,2,0,0,1,1047,True,False,False,False,False,False,True,False,0.05738880918220947,0.05730659025787966,96.57352941176471,0.6153846153846154,0,1
CA,1,1,6965,58,9,1,1,1,0,1,6.0,41.0,4.333333333333333,0.0,434,28,9,4,0,0,1,927,False,False,False,True,False,False,True,False,0.06451612903225806,0.1941747572815534,120.08620689655173,0.6923076923076923,0,1
CA,1,0,11741,59,12,0,1,1,1,2,5.0,39.2,4.0,0.0,544,25,8,6,0,1,1,727,True,False,False,False,False,False,True,False,0.04595588235294118,0.2063273727647868,199.0,0.6153846153846154,0,0
CA,1,1,4776,35,5,0,1,1,1,1,3.0,44.666666666666664,4.333333333333333,0.0,268,4,6,1,0,0,1,873,False,False,True,False,False,True,False,False,0.014925373134328358,0.10309278350515463,136.45714285714286,0.46153846153846156,1,1
IN,0,0,17114,86,7,0,0,1,1,1,1.0,47.0,4.0,0.0,203,10,4,1,0,0,1,742,False,False,True,False,False,False,True,False,0.04926108374384237,0.04043126684636118,199.0,0.3076923076923077,1,1
US,0,0,9751,49,8,1,1,1,1,0,5.0,24.2,4.2,0.0,421,11,8,7,0,0,1,519,True,False,False,False,True,False,False,False,0.026128266033254157,0.2890173410404624,199.0,0.6153846153846154,0,0
US,0,1,6766,76,7,0,0,1,1,1,1.0,64.0,4.0,0.0,300,15,6,3,0,0,0,1017,True,False,False,False,False,False,False,True,0.05,0.029498525073746312,89.02631578947368,0.46153846153846156,1,1
IN,0,0,5970,51,8,1,0,1,0,1,5.0,22.2,3.6666666666666665,1.0,312,14,8,5,0,1,1,917,False,False,False,True,False,False,False,True,0.04487179487179487,0.16357688113413305,117.05882352941177,0.6153846153846154,1,1
DE,1,0,9353,103,12,1,0,1,0,0,3.0,46.333333333333336,4.333333333333333,0.0,560,23,8,10,0,1,1,1193,False,False,False,True,False,True,False,False,0.04107142857142857,0.07544006705783739,90.80582524271844,0.6153846153846154,0,1
US,0,1,1274,26,6,1,0,1,0,0,3.0,18.333333333333332,4.0,0.0,171,5,4,2,0,0,0,787,True,False,False,False,False,False,False,False,0.029239766081871343,0.11435832274459974,49.0,0.3076923076923077,1,1
US,1,0,12736,64,10,1,1,1,1,2,2.0,38.5,4.0,1.0,510,22,9,7,0,0,1,716,True,False,False,False,False,True,False,False,0.043137254901960784,0.08379888268156424,199.0,0.6923076923076923,0,0
US,0,0,7562,55,13,1,1,1,1,0,6.0,31.5,4.0,0.0,642,32,8,8,0,0,1,902,False,False,True,False,False,False,False,False,0.04984423676012461,0.19955654101995565,137.4909090909091,0.6153846153846154,0,1
US,0,0,2587,119,15,1,0,1,1,0,6.0,37.333333333333336,4.4,0.0,696,31,8,6,0,1,1,524,False,False,False,True,False,False,True,False,0.04454022988505747,0.3435114503816794,21.73949579831933,0.6153846153846154,0,0
FR,0,1,1764,36,3,0,0,1,0,0,6.0,30.166666666666668,3.6666666666666665,0.0,210,15,8,1,0,0,1,851,True,False,False,False,False,False,True,False,0.07142857142857142,0.21151586368977673,49.0,0.6153846153846154,1,1
US,1,0,13930,70,9,1,1,1,0,2,4.0,37.25,3.0,1.0,507,28,9,8,0,1,1,843,True,False,False,False,False,False,False,True,0.055226824457593686,0.14234875444839856,199.0,0.6923076923076923,0,1
US,0,1,13930,70,12,1,1,1,1,0,1.0,17.0,4.0,1.0,604,43,7,5,0,0,1,1080,False,False,True,False,False,False,True,False,0.07119205298013245,0.027777777777777776,199.0,0.5384615384615384,0,1
US,0,0,7164,65,11,1,0,1,0,0,7.0,31.714285714285715,3.6666666666666665,0.0,561,33,9,6,0,0,1,1014,False,False,True,False,True,False,False,False,0.058823529411764705,0.20710059171597636,110.21538461538462,0.6923076923076923,0,1
US,0,0,1617,47,11,1,0,1,0,2,2.0,41.0,3.5,0.0,654,46,10,6,0,0,1,600,False,False,False,True,False,True,False,False,0.07033639143730887,0.1,34.40425531914894,0.7692307692307693,0,0
US,0,0,1764,36,6,1,0,1,1,2,5.0,36.0,4.0,1.0,230,24,6,4,0,0,0,900,False,False,True,False,False,False,False,True,0.10434782608695652,0.16666666666666666,49.0,0.46153846153846156,1,1
US,0,0,2587,86,11,0,0,1,1,0,7.0,38.0,4.5,0.0,440,43,6,5,0,0,1,478,False,False,False,True,False,True,False,False,0.09772727272727273,0.4393305439330544,30.08139534883721,0.46153846153846156,0,0
UK,0,0,9552,48,12,1,0,1,1,2,4.0,37.5,3.75,0.0,481,31,8,4,0,0,1,637,False,False,False,False,False,False,False,False,0.06444906444906445,0.18838304552590265,199.0,0.6153846153846154,0,0
AU,0,0,2786,81,10,0,0,1,1,1,2.0,41.0,4.5,0.0,446,27,8,4,0,0,1,701,False,True,False,False,False,False,True,False,0.06053811659192825,0.08559201141226819,34.39506172839506,0.6153846153846154,0,0
US,0,1,16517,83,9,1,0,1,0,1,2.0,50.0,4.0,0.0,393,12,9,4,0,0,0,723,True,False,False,False,False,False,False,False,0.030534351145038167,0.08298755186721991,199.0,0.6923076923076923,0,0
US,0,0,14527,73,15,1,0,1,0,1,4.0,43.25,4.5,0.0,869,54,7,6,0,0,1,945,True,False,False,False,False,True,False,False,0.06214039125431531,0.12698412698412698,199.0,0.5384615384615384,0,1
US,0,0,11940,73,13,1,0,1,1,2,1.0,49.0,4.0,0.0,620,41,8,4,0,1,0,700,False,True,False,False,False,True,False,False,0.06612903225806452,0.04285714285714286,163.56164383561645,0.6153846153846154,0,0
DE,0,0,6169,35,7,0,0,1,0,0,0.0,0.0,4.0,0.0,347,31,10,1,1,0,0,1051,False,False,False,True,False,True,False,False,0.0893371757925072,0.0,176.25714285714287,0.7692307692307693,1,1
IN,0,0,12139,61,10,1,0,1,1,0,9.0,40.888888888888886,3.5,0.0,628,36,10,6,0,0,1,1082,False,False,False,True,False,False,True,False,0.05732484076433121,0.2495378927911275,199.0,0.7692307692307693,0,1
IN,0,0,5373,27,10,1,1,1,1,2,8.0,30.75,3.0,0.0,519,30,8,7,0,0,1,570,False,False,True,False,True,False,False,False,0.057803468208092484,0.42105263157894735,199.0,0.6153846153846154,0,0
AU,1,1,7960,40,10,0,0,1,1,1,3.0,20.666666666666668,5.0,0.0,413,25,6,3,0,1,1,750,False,False,False,False,True,False,False,False,0.06053268765133172,0.12,199.0,0.46153846153846156,0,1
US,0,0,9154,57,11,0,1,1,1,0,3.0,17.0,4.0,0.0,624,49,8,5,0,0,1,621,False,False,False,True,False,True,False,False,0.07852564102564102,0.14492753623188406,160.59649122807016,0.6153846153846154,0,0
US,0,0,10945,55,10,1,1,1,1,0,5.0,40.0,3.2,0.0,518,36,8,7,0,0,1,563,False,False,True,False,False,True,False,False,0.0694980694980695,0.2664298401420959,199.0,0.6153846153846154,0,0
US,0,0,13930,70,12,0,0,1,0,0,5.0,49.2,5.0,0.0,600,42,9,5,0,0,1,958,False,False,True,False,False,False,False,False,0.07,0.15657620041753653,199.0,0.6923076923076923,0,1
UK,0,0,5572,54,6,0,0,1,0,1,4.0,34.0,5.0,0.0,215,18,5,2,0,1,1,785,True,False,False,False,True,False,False,False,0.08372093023255814,0.15286624203821655,103.18518518518519,0.38461538461538464,1,1
US,0,0,8159,55,11,1,1,1,0,1,6.0,47.833333333333336,4.25,1.0,530,37,8,5,0,0,1,1170,False,False,True,False,False,False,False,True,0.06981132075471698,0.15384615384615385,148.34545454545454,0.6153846153846154,0,1
UK,0,0,32437,163,7,1,0,1,1,2,4.0,37.5,3.0,0.0,271,25,6,4,0,1,1,739,False,True,False,False,False,False,False,True,0.09225092250922509,0.16238159675236807,199.0,0.46153846153846156,1,1
US,0,0,11542,60,15,0,1,1,0,1,2.0,70.5,4.0,0.0,629,24,8,5,0,0,0,600,False,False,True,False,False,False,True,False,0.03815580286168521,0.1,192.36666666666667,0.6153846153846154,0,0
DE,0,1,2401,49,7,0,0,1,1,2,1.0,56.0,4.0,0.0,446,19,8,8,0,0,0,540,False,False,True,False,False,False,False,False,0.042600896860986545,0.05555555555555555,49.0,0.6153846153846154,0,0
IN,0,0,12139,61,12,0,0,1,0,2,5.0,27.6,4.333333333333333,0.0,453,29,7,3,0,0,1,1142,False,False,True,False,False,False,True,False,0.0640176600441501,0.13134851138353765,199.0,0.5384615384615384,0,1
US,0,0,1078,22,4,0,0,1,1,0,1.0,2.0,3.0,0.0,171,17,7,3,0,0,1,621,False,False,False,False,True,False,False,False,0.09941520467836257,0.04830917874396135,49.0,0.5384615384615384,1,0
DE,0,0,784,24,7,0,0,1,0,0,5.0,50.4,3.75,0.0,357,18,7,7,0,0,1,892,True,False,False,False,False,False,True,False,0.05042016806722689,0.16816143497757846,32.666666666666664,0.5384615384615384,1,1
US,0,0,10945,55,7,1,0,1,1,1,3.0,42.0,5.0,0.0,432,26,7,2,0,1,1,698,True,False,False,False,False,True,False,False,0.06018518518518518,0.12893982808022922,199.0,0.5384615384615384,0,0
US,0,0,10348,52,16,1,1,1,0,1,4.0,41.0,4.0,0.0,749,48,7,5,0,0,1,873,False,False,False,True,False,True,False,False,0.06408544726301736,0.1374570446735395,199.0,0.5384615384615384,0,1
US,1,1,3582,41,8,1,0,1,0,0,9.0,28.444444444444443,4.5,0.0,478,16,7,7,0,0,1,513,False,False,False,True,False,True,False,False,0.03347280334728033,0.5263157894736842,87.36585365853658,0.5384615384615384,0,0
US,0,0,5572,28,6,1,0,1,1,0,4.0,26.0,3.0,0.0,285,15,6,1,0,0,1,928,False,False,False,True,False,False,False,False,0.05263157894736842,0.12931034482758622,199.0,0.46153846153846156,1,1
DE,1,1,5174,40,11,1,0,1,0,0,2.0,29.0,5.0,0.0,606,31,11,5,1,1,1,672,True,False,False,False,False,False,False,False,0.05115511551155116,0.08928571428571429,129.35,0.8461538461538461,0,0
FR,0,0,4508,92,14,1,1,1,1,2,6.0,16.0,4.0,1.0,782,43,8,6,0,0,1,757,True,False,False,False,True,False,False,False,0.054987212276214836,0.23778071334214002,49.0,0.6153846153846154,0,1
US,0,0,6766,34,11,0,1,1,1,1,5.0,29.2,3.75,1.0,623,55,9,9,0,1,1,785,False,False,False,False,False,True,False,False,0.08828250401284109,0.19108280254777069,199.0,0.6923076923076923,0,1
UK,0,0,12338,62,14,1,1,1,1,0,6.0,29.666666666666668,4.25,0.0,599,19,6,7,0,1,1,866,True,False,False,False,False,False,False,True,0.03171953255425709,0.20785219399538105,199.0,0.46153846153846156,0,1
US,0,0,6169,31,9,1,0,1,1,2,5.0,33.4,4.0,1.0,441,35,7,2,0,0,1,793,False,False,False,True,False,True,False,False,0.07936507936507936,0.18915510718789408,199.0,0.5384615384615384,0,1
US,0,0,3184,49,16,1,1,1,0,2,6.0,34.666666666666664,3.0,2.0,806,43,7,8,0,0,1,945,False,False,False,False,True,False,False,False,0.05334987593052109,0.19047619047619047,64.9795918367347,0.5384615384615384,0,1
US,0,0,11542,98,10,1,1,1,0,1,5.0,26.6,4.0,0.0,393,20,7,6,0,0,1,1202,False,False,False,True,False,True,False,False,0.05089058524173028,0.12479201331114807,117.77551020408163,0.5384615384615384,0,1
UK,0,0,4557,93,10,0,0,1,1,2,5.0,28.6,4.0,0.0,410,45,8,1,1,0,1,673,False,False,False,False,True,False,False,False,0.10975609756097561,0.22288261515601782,49.0,0.6153846153846154,0,0
US,1,1,7363,50,17,1,1,1,0,1,2.0,37.5,5.0,0.0,871,55,8,9,0,1,1,751,False,True,False,False,False,False,True,False,0.06314580941446613,0.07989347536617843,147.26,0.6153846153846154,0,1
AU,0,1,7960,65,6,0,0,1,0,1,3.0,32.333333333333336,4.333333333333333,1.0,205,14,5,2,1,0,1,909,True,False,False,False,True,False,False,False,0.06829268292682927,0.099009900990099,122.46153846153847,0.38461538461538464,1,1
IN,0,0,6169,31,7,1,0,1,1,1,7.0,36.57142857142857,3.4,0.0,362,23,8,5,0,0,1,1174,False,False,False,True,False,False,False,False,0.06353591160220995,0.1788756388415673,199.0,0.6153846153846154,1,1
US,0,0,10547,97,13,1,1,1,1,0,3.0,37.0,3.0,0.0,765,41,10,7,0,1,1,639,False,True,False,False,False,True,False,False,0.05359477124183006,0.14084507042253522,108.73195876288659,0.7692307692307693,0,0
DE,0,1,2842,58,8,1,1,1,1,1,2.0,59.0,3.0,0.0,445,27,8,5,0,0,1,1087,True,False,False,False,False,False,False,False,0.060674157303370786,0.05519779208831647,49.0,0.6153846153846154,0,1
IN,0,1,5970,62,12,1,1,1,1,1,4.0,40.25,3.5,0.0,528,33,7,8,0,1,1,905,False,False,False,True,True,False,False,False,0.0625,0.13259668508287292,96.29032258064517,0.5384615384615384,0,1
US,1,0,6766,34,4,0,1,1,1,1,2.0,56.5,4.0,0.0,158,3,5,1,1,0,0,720,False,False,True,False,False,False,False,False,0.0189873417721519,0.08333333333333333,199.0,0.38461538461538464,1,0
US,0,0,24079,121,12,1,0,1,1,0,5.0,20.2,4.0,0.0,624,40,10,6,0,1,1,1008,False,False,False,True,False,False,False,False,0.0641025641025641,0.1488095238095238,199.0,0.7692307692307693,0,1
US,1,0,19303,97,15,0,1,1,0,2,2.0,56.5,4.0,0.0,625,35,7,5,0,0,1,921,True,False,False,False,False,False,True,False,0.056,0.06514657980456026,199.0,0.5384615384615384,0,1
IN,1,0,1083,57,11,1,0,1,1,0,3.0,54.333333333333336,4.0,0.0,687,33,8,8,1,0,0,1201,False,False,False,False,False,False,True,False,0.048034934497816595,0.0749375520399667,19.0,0.6153846153846154,0,1
AU,1,0,9950,66,12,1,0,1,0,0,3.0,42.0,4.666666666666667,0.0,507,34,7,4,1,0,1,528,True,False,False,False,True,False,False,False,0.0670611439842209,0.17045454545454544,150.75757575757575,0.5384615384615384,0,0
US,0,1,6368,32,7,1,0,1,0,2,4.0,39.0,5.0,0.0,435,33,11,6,0,1,1,708,False,False,False,False,False,False,True,False,0.07586206896551724,0.1694915254237288,199.0,0.8461538461538461,0,0
AU,0,0,10547,53,9,0,0,1,1,2,5.0,52.2,3.0,0.0,474,40,7,3,0,0,1,737,False,False,False,False,False,False,False,False,0.08438818565400844,0.20352781546811397,199.0,0.5384615384615384,0,1
AU,0,0,3781,27,5,0,0,1,0,1,3.0,50.666666666666664,3.0,0.0,231,15,6,2,0,0,1,811,False,False,True,False,True,False,False,False,0.06493506493506493,0.11097410604192355,140.03703703703704,0.46153846153846156,1,1
IN,1,0,5373,38,10,1,1,1,0,0,7.0,36.0,3.6666666666666665,0.0,595,22,11,4,0,0,1,878,True,False,False,False,True,False,False,False,0.03697478991596639,0.23917995444191345,141.39473684210526,0.8461538461538461,0,1
US,0,0,4776,33,7,0,0,1,1,1,5.0,42.6,3.5,0.0,292,21,5,3,0,0,1,524,False,False,True,False,False,True,False,False,0.07191780821917808,0.28625954198473286,144.72727272727272,0.38461538461538464,1,0
US,1,0,3582,52,12,0,0,1,1,1,1.0,16.0,3.0,0.0,552,34,7,6,0,0,1,689,False,False,False,True,False,True,False,False,0.06159420289855073,0.043541364296081284,68.88461538461539,0.5384615384615384,0,0
DE,0,0,12338,105,11,0,0,1,1,2,5.0,30.6,3.3333333333333335,0.0,505,33,7,7,0,0,1,1101,False,False,False,True,False,True,False,False,0.06534653465346535,0.13623978201634876,117.5047619047619,0.5384615384615384,0,1
AU,1,0,3781,55,13,0,0,1,1,2,6.0,31.5,4.333333333333333,0.0,642,22,7,4,0,0,1,1056,True,False,False,False,False,False,False,False,0.03426791277258567,0.17045454545454544,68.74545454545455,0.5384615384615384,0,1
US,0,1,11144,56,13,0,0,1,0,2,2.0,39.5,4.0,0.0,678,30,8,3,0,0,1,723,False,False,False,False,True,False,False,False,0.04424778761061947,0.08298755186721991,199.0,0.6153846153846154,0,0
AU,0,0,13930,70,7,1,0,1,1,1,5.0,27.4,4.0,1.0,371,35,8,2,0,0,1,1121,False,False,False,False,False,False,True,False,0.09433962264150944,0.13380909901873328,199.0,0.6153846153846154,1,1
AU,0,1,9353,47,12,0,0,1,1,0,5.0,33.6,4.5,0.0,547,17,7,3,0,0,1,879,True,False,False,False,False,True,False,False,0.031078610603290677,0.1706484641638225,199.0,0.5384615384615384,0,1
UK,0,0,5771,46,7,1,1,1,0,0,2.0,39.5,3.5,0.0,347,22,6,4,0,0,1,1133,False,False,True,False,False,False,False,True,0.06340057636887608,0.0529567519858782,125.45652173913044,0.46153846153846156,1,1
FR,1,0,4975,58,15,1,1,1,0,1,1.0,32.0,4.0,0.0,1005,47,9,7,0,1,1,1111,True,False,False,False,False,True,False,False,0.046766169154228855,0.027002700270027005,85.77586206896552,0.6923076923076923,0,1
DE,0,0,8358,42,7,0,1,1,0,1,6.0,38.833333333333336,4.2,0.0,386,24,9,4,0,1,1,1033,False,False,False,False,False,True,False,False,0.06217616580310881,0.17424975798644726,199.0,0.6923076923076923,0,1
US,0,0,5572,28,10,1,1,1,1,2,2.0,36.5,3.5,0.0,492,21,7,7,0,0,1,1146,False,False,False,False,True,False,False,False,0.042682926829268296,0.05235602094240837,199.0,0.5384615384615384,0,1
US,1,1,6368,32,7,0,0,1,1,1,7.0,39.142857142857146,3.3333333333333335,1.0,419,19,7,3,1,0,1,953,False,False,False,True,False,False,False,False,0.045346062052505964,0.22035676810073454,199.0,0.5384615384615384,0,1
UK,0,1,5970,46,12,1,1,1,0,0,6.0,29.0,3.75,0.0,545,45,8,2,1,1,1,1024,False,True,False,False,True,False,False,False,0.08256880733944955,0.17578125,129.7826086956522,0.6153846153846154,0,1
US,0,0,1372,28,7,0,0,1,0,2,5.0,52.2,4.333333333333333,0.0,311,24,9,5,0,0,1,504,False,False,True,False,False,False,True,False,0.07717041800643087,0.2976190476190476,49.0,0.6923076923076923,1,0
UK,0,0,5771,82,12,0,1,1,1,0,4.0,33.25,3.5,0.0,497,22,6,5,0,0,1,966,True,False,False,False,True,False,False,False,0.04426559356136821,0.12422360248447203,70.3780487804878,0.46153846153846156,0,1
AU,1,0,15920,80,7,0,0,1,1,1,3.0,28.666666666666668,4.0,0.0,412,23,7,3,0,0,1,521,False,True,False,False,True,False,False,False,0.055825242718446605,0.1727447216890595,199.0,0.5384615384615384,0,0
US,0,0,13731,69,7,0,0,1,1,2,5.0,33.4,4.5,0.0,357,21,7,4,0,0,1,510,False,False,False,True,True,False,False,False,0.058823529411764705,0.29411764705882354,199.0,0.5384615384615384,1,0
UK,0,0,1026,54,4,0,1,1,0,1,2.0,39.5,4.0,0.0,174,11,6,4,0,0,1,602,False,False,False,False,True,False,False,False,0.06321839080459771,0.09966777408637874,19.0,0.46153846153846156,1,0
CA,0,0,2940,60,9,1,1,1,0,2,6.0,35.333333333333336,3.3333333333333335,1.0,376,18,7,4,0,0,1,947,True,False,False,False,False,False,False,False,0.047872340425531915,0.1900739176346357,49.0,0.5384615384615384,0,1
US,0,1,5572,28,7,0,0,1,1,1,3.0,14.333333333333334,3.0,0.0,369,31,8,6,0,0,1,709,False,True,False,False,False,False,True,False,0.08401084010840108,0.12693935119887165,199.0,0.6153846153846154,1,0
FR,0,0,13731,69,12,1,1,1,1,1,5.0,17.8,4.0,0.0,681,39,10,4,0,0,1,615,False,False,False,False,False,False,False,True,0.05726872246696035,0.24390243902439024,199.0,0.7692307692307693,0,0
US,1,0,7363,77,13,0,0,1,1,1,7.0,43.142857142857146,3.0,0.0,537,28,8,6,0,0,1,529,True,False,False,False,False,False,True,False,0.0521415270018622,0.39697542533081287,95.62337662337663,0.6153846153846154,0,0
IN,0,1,18109,92,16,1,0,1,1,2,3.0,64.0,4.0,0.0,893,46,7,13,0,0,1,1153,False,False,False,True,False,False,False,True,0.051511758118701005,0.07805724197745013,196.83695652173913,0.5384615384615384,0,1
US,0,1,5970,77,8,1,0,1,1,1,2.0,33.5,3.5,0.0,369,12,7,3,1,1,1,582,False,False,False,False,False,False,False,False,0.032520325203252036,0.10309278350515465,77.53246753246754,0.5384615384615384,1,0
UK,1,1,8756,44,9,1,0,1,1,2,2.0,41.5,5.0,0.0,601,29,9,13,0,0,1,947,False,False,True,False,False,True,False,False,0.048252911813643926,0.06335797254487856,199.0,0.6923076923076923,0,1
US,0,0,18308,92,12,0,0,1,0,2,5.0,29.2,3.75,0.0,685,32,9,7,0,0,1,752,False,True,False,False,False,False,False,False,0.04671532846715328,0.19946808510638298,199.0,0.6923076923076923,0,1
IN,0,0,8756,44,12,1,0,1,0,2,3.0,52.666666666666664,4.0,0.0,765,41,10,11,0,0,1,901,False,False,False,False,False,False,False,False,0.05359477124183006,0.09988901220865704,199.0,0.7692307692307693,0,1
AU,0,0,3582,39,13,1,1,1,1,0,5.0,46.0,3.6666666666666665,0.0,568,49,7,5,0,0,1,1068,False,False,False,True,False,False,False,True,0.08626760563380281,0.14044943820224717,91.84615384615384,0.5384615384615384,0,1
CA,0,0,9950,55,9,0,0,1,1,1,4.0,48.25,3.0,0.0,438,18,7,8,0,0,1,690,False,False,False,False,False,False,False,True,0.0410958904109589,0.17391304347826086,180.9090909090909,0.5384615384615384,0,0
CA,1,0,13333,67,6,1,1,1,0,0,2.0,28.0,4.5,0.0,297,16,6,3,0,0,1,901,False,False,False,False,True,False,False,False,0.05387205387205387,0.06659267480577136,199.0,0.46153846153846156,1,1
AU,0,1,10945,55,12,1,0,1,0,0,1.0,1.0,3.0,0.0,681,25,8,4,1,0,1,1059,False,False,True,False,True,False,False,False,0.03671071953010279,0.028328611898017,199.0,0.6153846153846154,0,1
IN,0,0,5373,27,7,1,1,1,1,1,3.0,28.666666666666668,4.0,0.0,496,32,10,5,1,1,1,829,False,True,False,False,False,True,False,False,0.06451612903225806,0.10856453558504223,199.0,0.7692307692307693,0,1
US,0,0,2254,46,5,0,1,1,1,2,4.0,31.5,4.5,0.0,266,20,7,2,0,1,1,654,False,True,False,False,False,False,False,True,0.07518796992481203,0.18348623853211007,49.0,0.5384615384615384,1,0
US,0,0,8159,72,13,0,0,1,1,1,3.0,25.333333333333332,3.0,0.0,819,34,8,4,1,1,1,813,False,False,False,False,False,False,False,False,0.04151404151404151,0.11070110701107011,113.31944444444444,0.6153846153846154,0,1
AU,0,0,1254,66,9,1,0,1,0,0,2.0,35.5,3.5,0.0,408,23,7,5,0,1,1,1178,False,False,False,True,False,False,True,False,0.056372549019607844,0.050933786078098474,19.0,0.5384615384615384,0,1
UK,0,0,8159,43,10,0,0,1,0,1,7.0,26.571428571428573,3.5,0.0,606,45,10,6,0,0,1,579,False,False,True,False,True,False,False,False,0.07425742574257425,0.3626943005181347,189.74418604651163,0.7692307692307693,0,0
US,0,0,2189,11,6,0,0,1,0,1,2.0,24.5,4.0,0.0,214,9,5,3,0,0,0,894,True,False,False,False,False,True,False,False,0.04205607476635514,0.06711409395973154,199.0,0.38461538461538464,1,1
US,0,0,3582,23,6,1,1,1,0,2,3.0,52.333333333333336,5.0,1.0,283,12,9,3,0,1,1,892,True,False,False,False,False,False,False,False,0.04240282685512368,0.10089686098654709,155.7391304347826,0.6923076923076923,1,1
US,0,0,2587,59,13,0,0,1,0,0,5.0,36.0,4.0,1.0,575,28,6,5,0,0,1,1065,True,False,False,False,False,False,True,False,0.04869565217391304,0.14084507042253522,43.847457627118644,0.46153846153846156,0,1
AU,0,0,14527,73,7,1,0,1,0,2,4.0,45.0,3.25,0.0,404,20,8,4,0,0,1,602,False,False,True,False,False,True,False,False,0.04950495049504951,0.19933554817275748,199.0,0.6153846153846154,0,0
DE,0,0,988,52,9,0,0,1,0,0,5.0,26.4,4.333333333333333,0.0,492,24,7,6,0,0,1,573,True,False,False,False,False,False,False,True,0.04878048780487805,0.2617801047120419,19.0,0.5384615384615384,0,0
US,1,0,3528,72,7,0,0,1,0,0,4.0,16.5,3.6666666666666665,0.0,329,17,9,6,0,1,1,497,False,False,False,False,True,False,False,False,0.05167173252279635,0.2414486921529175,49.0,0.6923076923076923,1,0
FR,0,0,10945,85,16,1,0,1,0,1,6.0,49.5,4.0,1.0,730,58,8,8,0,0,1,832,False,True,False,False,False,False,False,True,0.07945205479452055,0.21634615384615383,128.76470588235293,0.6153846153846154,0,1
US,0,0,33830,170,7,1,1,1,0,2,5.0,35.6,4.0,0.0,334,18,7,4,0,0,1,543,False,False,False,False,False,False,False,True,0.05389221556886228,0.2762430939226519,199.0,0.5384615384615384,1,0
US,0,1,1194,51,8,0,0,1,0,0,3.0,13.666666666666666,4.0,0.0,475,40,7,6,0,0,1,1078,True,False,False,False,False,False,False,False,0.08421052631578947,0.08348794063079779,23.41176470588235,0.5384615384615384,0,1
FR,0,0,12935,65,15,0,0,1,0,1,4.0,29.25,4.0,0.0,705,37,8,8,1,0,1,549,False,False,False,True,False,True,False,False,0.0524822695035461,0.2185792349726776,199.0,0.6153846153846154,0,0
IN,0,1,9261,189,9,0,0,1,1,1,10.0,42.5,3.7142857142857144,0.0,509,29,8,5,0,0,1,954,False,False,True,False,False,False,False,False,0.05697445972495088,0.31446540880503143,49.0,0.6153846153846154,0,1
US,1,0,7363,69,13,1,0,1,1,1,4.0,24.0,3.5,0.0,653,30,9,7,0,0,1,636,False,False,True,False,False,False,False,False,0.045941807044410414,0.18867924528301888,106.71014492753623,0.6923076923076923,0,0
US,1,0,9751,49,15,1,1,1,1,1,4.0,46.5,3.5,0.0,665,50,7,7,0,0,1,1052,False,False,False,True,False,False,False,False,0.07518796992481203,0.11406844106463877,199.0,0.5384615384615384,0,1
IN,0,0,6965,77,11,0,1,1,0,1,4.0,57.5,4.0,1.0,714,55,8,8,0,0,1,650,False,False,False,False,False,True,False,False,0.07703081232492998,0.1846153846153846,90.45454545454545,0.6153846153846154,0,0
US,0,0,4577,52,5,0,1,1,0,2,2.0,31.0,3.5,0.0,366,14,7,1,0,0,1,1177,False,False,True,False,False,False,False,False,0.03825136612021858,0.05097706032285471,88.01923076923077,0.5384615384615384,1,1
US,0,0,4776,53,15,1,1,1,1,1,3.0,33.0,5.0,1.0,605,45,7,6,0,0,1,872,False,True,False,False,False,True,False,False,0.0743801652892562,0.10321100917431193,90.11320754716981,0.5384615384615384,0,1
US,0,0,3430,70,9,0,0,1,0,2,3.0,42.666666666666664,4.0,0.0,487,33,8,6,0,1,1,772,False,False,False,True,False,True,False,False,0.06776180698151951,0.11658031088082901,49.0,0.6153846153846154,0,1
US,0,0,11542,58,9,1,1,1,0,2,6.0,44.333333333333336,3.5,1.0,456,21,9,5,0,0,1,744,False,False,False,False,False,True,False,False,0.046052631578947366,0.24193548387096772,199.0,0.6923076923076923,0,1
DE,0,1,6169,33,6,0,0,1,0,1,6.0,43.5,4.333333333333333,0.0,202,9,6,0,0,1,1,688,False,False,True,False,False,True,False,False,0.04455445544554455,0.2616279069767442,186.93939393939394,0.46153846153846156,1,0
US,0,0,3381,69,8,0,1,1,0,2,3.0,11.0,3.0,0.0,405,36,6,5,1,0,1,529,False,False,False,True,False,True,False,False,0.08888888888888889,0.17013232514177695,49.0,0.46153846153846156,0,0
US,0,0,14129,71,12,1,0,1,1,0,4.0,30.75,3.6666666666666665,0.0,587,38,7,6,0,0,1,713,True,False,False,False,False,True,False,False,0.06473594548551959,0.16830294530154277,199.0,0.5384615384615384,0,0
US,0,0,10348,52,13,1,0,1,1,1,5.0,31.4,4.0,1.0,582,48,9,9,0,0,1,474,True,False,False,False,False,True,False,False,0.08247422680412371,0.3164556962025316,199.0,0.6923076923076923,0,0
US,0,0,12139,61,12,1,1,1,1,0,4.0,47.25,4.0,0.0,680,45,8,6,0,0,1,581,False,False,True,False,False,False,False,True,0.0661764705882353,0.20654044750430292,199.0,0.6153846153846154,0,0
US,0,1,10149,51,5,1,0,1,0,1,3.0,42.333333333333336,3.5,0.0,326,22,9,4,0,0,1,555,False,False,False,True,False,False,False,True,0.06748466257668712,0.16216216216216217,199.0,0.6923076923076923,1,0
US,0,1,16517,83,8,1,0,1,0,0,2.0,48.5,4.0,0.0,414,24,10,5,0,0,1,592,False,False,False,True,False,False,True,False,0.057971014492753624,0.10135135135135134,199.0,0.7692307692307693,0,0
IN,0,0,12736,64,7,1,1,1,1,2,4.0,42.25,3.75,0.0,430,22,9,5,0,0,1,763,False,True,False,False,False,True,False,False,0.05116279069767442,0.15727391874180865,199.0,0.6923076923076923,0,1
IN,0,1,7363,37,7,0,1,1,1,2,8.0,29.125,3.6666666666666665,0.0,339,10,8,1,0,0,1,537,False,False,False,True,False,False,False,False,0.029498525073746312,0.446927374301676,199.0,0.6153846153846154,1,0
US,0,1,4378,30,10,1,1,1,0,1,5.0,42.2,4.333333333333333,0.0,586,28,9,9,0,0,1,741,False,False,True,False,True,False,False,False,0.04778156996587031,0.20242914979757085,145.93333333333334,0.6923076923076923,0,1
US,0,0,6766,34,5,0,1,1,0,0,5.0,34.8,4.333333333333333,1.0,309,11,8,3,0,1,1,778,False,True,False,False,False,False,False,True,0.03559870550161812,0.1928020565552699,199.0,0.6153846153846154,1,1
FR,0,0,3675,75,8,0,0,1,0,0,4.0,32.0,4.5,0.0,436,34,8,5,0,0,1,942,False,False,False,False,True,False,False,False,0.0779816513761468,0.12738853503184713,49.0,0.6153846153846154,0,1
US,0,0,10348,62,7,1,0,1,0,1,5.0,38.6,4.0,0.0,416,17,9,3,0,0,1,1110,False,True,False,False,False,True,False,False,0.040865384615384616,0.13513513513513514,166.90322580645162,0.6923076923076923,0,1
US,1,1,14129,71,12,0,1,1,0,1,6.0,29.166666666666668,4.0,0.0,512,21,7,5,0,0,1,822,False,False,True,False,False,False,True,False,0.041015625,0.21897810218978103,199.0,0.5384615384615384,0,1
UK,0,0,19502,98,12,1,1,1,1,0,4.0,33.0,3.75,1.0,708,40,9,14,0,0,1,628,False,False,False,False,True,False,False,False,0.05649717514124294,0.19108280254777069,199.0,0.6923076923076923,0,0
AU,0,0,5174,101,11,1,1,1,1,1,4.0,32.75,4.0,0.0,595,44,9,10,1,0,1,522,True,False,False,False,False,True,False,False,0.07394957983193277,0.2298850574712644,51.227722772277225,0.6923076923076923,0,0
US,0,1,13930,84,16,1,0,1,0,2,8.0,29.25,4.4,0.0,618,29,6,8,0,0,1,589,False,False,False,False,False,False,True,False,0.04692556634304207,0.4074702886247878,165.83333333333334,0.46153846153846156,0,0
UK,1,0,12736,64,8,1,1,1,1,1,7.0,41.714285714285715,4.4,0.0,510,47,11,7,0,0,1,986,False,False,True,False,False,False,False,False,0.09215686274509804,0.21298174442190668,199.0,0.8461538461538461,0,1
US,0,0,7761,60,8,1,0,1,0,2,4.0,29.25,3.0,0.0,384,28,7,3,1,1,1,845,False,False,False,True,False,False,False,True,0.07291666666666667,0.14201183431952663,129.35,0.5384615384615384,0,1
CA,1,0,3582,69,13,0,1,1,0,0,3.0,24.0,4.0,0.0,722,34,7,7,0,1,0,972,True,False,False,False,False,False,True,False,0.04709141274238227,0.0925925925925926,51.91304347826087,0.5384615384615384,0,1
US,0,0,3184,55,7,0,0,1,0,1,1.0,53.0,4.0,0.0,348,19,8,2,0,0,0,512,False,False,False,True,False,False,False,True,0.05459770114942529,0.05859375,57.89090909090909,0.6153846153846154,1,0
IN,1,0,10149,51,16,1,0,1,0,2,6.0,43.5,4.333333333333333,0.0,722,31,8,8,0,0,1,1019,False,False,False,False,False,False,False,True,0.04293628808864266,0.17664376840039253,199.0,0.6153846153846154,0,1
US,1,0,6766,58,6,0,0,1,0,0,9.0,44.44444444444444,4.142857142857143,0.0,273,18,7,3,0,0,1,844,False,True,False,False,False,False,False,False,0.06593406593406594,0.3199052132701422,116.65517241379311,0.5384615384615384,1,1
US,0,0,5572,93,18,1,0,1,0,2,3.0,25.666666666666668,4.0,0.0,773,43,9,6,0,0,1,530,True,False,False,False,False,True,False,False,0.055627425614489,0.16981132075471697,59.913978494623656,0.6923076923076923,0,0
US,0,1,6169,51,11,0,1,1,1,0,2.0,63.0,4.0,0.0,503,19,7,7,0,0,1,660,False,False,True,False,True,False,False,False,0.03777335984095427,0.09090909090909091,120.96078431372548,0.5384615384615384,0,0
US,0,0,5970,34,11,0,1,1,1,0,5.0,37.4,5.0,0.0,607,39,8,6,0,1,1,1042,False,False,False,False,False,False,False,True,0.0642504118616145,0.14395393474088292,175.58823529411765,0.6153846153846154,0,1
AU,0,0,2058,42,11,0,0,1,1,0,5.0,48.4,3.0,0.0,529,38,8,6,0,0,1,593,False,True,False,False,False,False,False,False,0.07183364839319471,0.25295109612141653,49.0,0.6153846153846154,0,0
UK,1,1,3781,45,5,0,1,1,0,0,2.0,28.0,4.0,0.0,299,14,7,1,0,1,1,571,False,True,False,False,False,False,False,True,0.046822742474916385,0.10507880910683011,84.02222222222223,0.5384615384615384,1,0
US,0,1,4975,34,15,0,0,1,1,0,4.0,31.25,3.0,0.0,633,39,7,9,0,0,1,526,True,False,False,False,True,False,False,False,0.061611374407582936,0.22813688212927755,146.3235294117647,0.5384615384615384,0,0
IN,0,0,7363,37,16,1,1,1,0,2,5.0,49.0,4.0,0.0,714,54,10,8,0,0,1,924,False,False,True,False,False,True,False,False,0.07563025210084033,0.16233766233766234,199.0,0.7692307692307693,0,1
US,1,0,1372,28,3,0,0,1,0,0,3.0,29.333333333333332,4.5,0.0,141,5,7,1,0,0,1,763,False,True,False,False,False,False,True,False,0.03546099290780142,0.11795543905635648,49.0,0.5384615384615384,1,1
US,0,0,8756,44,12,0,0,1,1,2,1.0,45.0,4.0,0.0,703,36,7,3,0,1,1,664,False,False,False,False,True,False,False,False,0.051209103840682786,0.045180722891566265,199.0,0.5384615384615384,0,0
US,0,0,1791,9,4,1,0,1,1,1,7.0,20.0,4.8,0.0,139,10,5,4,0,0,1,1147,False,True,False,False,False,False,False,False,0.07194244604316546,0.18308631211857018,199.0,0.38461538461538464,1,1
US,0,0,7562,68,5,0,0,1,0,2,2.0,31.5,3.0,0.0,230,13,8,3,0,0,1,942,False,False,False,False,False,True,False,False,0.05652173913043478,0.06369426751592357,111.20588235294117,0.6153846153846154,1,1
US,0,0,7960,40,11,1,1,1,1,1,2.0,24.5,4.0,0.0,502,29,7,4,0,0,1,763,False,False,True,False,False,False,True,False,0.05776892430278884,0.07863695937090433,199.0,0.5384615384615384,0,1
US,1,1,11741,59,9,1,0,1,0,0,7.0,40.42857142857143,3.6666666666666665,0.0,420,14,7,3,0,0,1,968,False,False,False,True,False,False,False,True,0.03333333333333333,0.21694214876033058,199.0,0.5384615384615384,0,1
US,1,1,11343,79,14,0,0,1,0,0,4.0,49.25,4.0,0.0,583,33,8,5,0,0,1,797,False,True,False,False,True,False,False,False,0.05660377358490566,0.15056461731493098,143.58227848101265,0.6153846153846154,0,1
US,0,0,3383,17,10,1,0,1,1,2,4.0,30.0,3.0,0.0,487,26,8,5,0,0,1,883,False,False,False,True,True,False,False,False,0.053388090349075976,0.13590033975084936,199.0,0.6153846153846154,0,1
US,0,0,6766,34,3,0,0,1,1,0,8.0,33.875,4.2,0.0,208,9,7,1,0,1,1,548,True,False,False,False,True,False,False,False,0.04326923076923077,0.43795620437956206,199.0,0.5384615384615384,1,0
CA,0,0,20497,103,14,1,0,1,0,0,4.0,40.0,4.666666666666667,1.0,627,29,11,6,0,1,1,871,False,False,True,False,False,False,True,False,0.046251993620414676,0.1377726750861079,199.0,0.8461538461538461,0,1
US,0,0,3781,38,9,1,0,1,0,2,4.0,28.0,4.666666666666667,0.0,527,28,10,4,0,0,1,497,False,False,False,False,False,True,False,False,0.05313092979127135,0.2414486921529175,99.5,0.7692307692307693,0,0
US,0,0,5771,61,9,1,0,1,1,2,4.0,36.75,4.666666666666667,0.0,447,40,9,5,0,0,1,757,False,False,False,True,False,True,False,False,0.0894854586129754,0.15852047556142668,94.60655737704919,0.6923076923076923,0,1
US,1,0,9751,61,10,1,0,1,0,2,4.0,31.75,4.0,0.0,514,27,7,2,0,0,1,886,False,False,False,False,False,False,False,False,0.05252918287937743,0.13544018058690743,159.85245901639345,0.5384615384615384,0,1
US,0,0,3781,55,15,0,1,1,1,2,7.0,17.714285714285715,4.5,1.0,857,64,10,7,0,0,1,681,False,True,False,False,False,False,False,False,0.07467911318553092,0.30837004405286345,68.74545454545455,0.7692307692307693,0,0
US,1,0,16716,84,8,0,0,1,0,1,5.0,41.4,4.0,0.0,410,18,7,4,0,0,1,844,False,False,True,False,False,False,False,False,0.04390243902439024,0.17772511848341233,199.0,0.5384615384615384,0,1
UK,0,0,3184,32,15,1,0,1,1,0,2.0,27.0,4.0,0.0,833,26,9,8,0,1,0,1001,False,False,True,False,False,True,False,False,0.031212484993997598,0.05994005994005994,99.5,0.6923076923076923,0,1
US,0,0,1194,22,11,0,0,1,1,0,7.0,28.857142857142858,3.0,0.0,531,39,8,5,0,0,1,560,True,False,False,False,False,False,True,False,0.07344632768361582,0.375,54.27272727272727,0.6153846153846154,0,0
UK,0,0,2786,73,6,1,0,1,1,2,3.0,41.333333333333336,3.0,0.0,143,13,6,3,0,0,1,744,False,False,False,True,False,False,True,False,0.09090909090909091,0.12096774193548386,38.16438356164384,0.46153846153846156,1,1
US,0,1,7960,74,11,1,0,1,1,1,5.0,21.8,4.0,1.0,565,26,9,6,0,0,1,561,False,False,False,False,False,True,False,False,0.04601769911504425,0.26737967914438504,107.56756756756756,0.6923076923076923,0,0
IN,0,0,9950,78,12,0,0,1,0,2,7.0,25.571428571428573,3.6,1.0,644,40,9,7,0,0,1,751,False,False,False,False,False,False,True,False,0.062111801242236024,0.2796271637816245,127.56410256410257,0.6923076923076923,0,1
US,0,0,4378,51,8,0,1,1,0,2,9.0,35.666666666666664,3.8,0.0,500,32,10,6,0,0,1,843,False,False,False,True,True,False,False,False,0.064,0.32028469750889677,85.84313725490196,0.7692307692307693,0,1
US,1,0,2985,56,9,1,0,1,1,2,4.0,27.5,4.0,0.0,337,13,8,6,0,0,1,1165,False,True,False,False,False,False,False,True,0.03857566765578635,0.10300429184549356,53.30357142857143,0.6153846153846154,1,1
UK,0,0,8159,79,10,1,0,1,0,1,3.0,57.0,4.0,0.0,439,21,7,5,0,0,1,543,False,True,False,False,False,False,True,False,0.04783599088838269,0.16574585635359115,103.27848101265823,0.5384615384615384,0,0
US,0,0,4179,44,7,1,0,1,0,0,7.0,26.714285714285715,4.333333333333333,0.0,401,26,10,5,0,0,1,730,False,False,False,True,False,True,False,False,0.06483790523690773,0.28767123287671237,94.97727272727273,0.7692307692307693,0,0
US,0,0,3184,21,6,1,0,1,1,1,1.0,25.0,3.0,0.0,347,21,7,5,0,0,1,618,False,False,True,False,True,False,False,False,0.06051873198847262,0.04854368932038835,151.61904761904762,0.5384615384615384,1,0
US,0,0,1421,29,9,1,0,1,0,0,3.0,34.666666666666664,5.0,0.0,444,19,7,5,0,0,1,1049,False,True,False,False,False,False,False,True,0.04279279279279279,0.08579599618684461,49.0,0.5384615384615384,0,1
UK,0,0,1349,71,8,0,0,1,1,0,3.0,28.666666666666668,3.0,0.0,380,16,7,2,0,1,1,1117,False,False,False,True,False,True,False,False,0.042105263157894736,0.08057296329453895,19.0,0.5384615384615384,0,1
FR,0,0,9950,50,5,0,0,1,0,0,5.0,34.2,3.6,0.0,268,16,6,4,0,1,1,479,True,False,False,False,False,False,True,False,0.05970149253731343,0.31315240083507306,199.0,0.46153846153846156,1,0
US,0,0,4975,71,12,1,0,1,0,1,1.0,68.0,5.0,0.0,663,38,9,4,0,0,1,579,False,False,True,False,False,False,False,True,0.05731523378582202,0.05181347150259067,70.07042253521126,0.6923076923076923,0,0
UK,0,0,3087,63,11,1,1,1,1,1,2.0,53.0,5.0,0.0,420,14,9,5,0,0,1,785,False,False,False,False,False,True,False,False,0.03333333333333333,0.07643312101910828,49.0,0.6923076923076923,0,1
US,0,1,5174,47,5,0,0,1,1,1,3.0,34.333333333333336,4.0,0.0,189,6,5,1,0,0,1,541,False,False,False,False,False,True,False,False,0.031746031746031744,0.16635859519408502,110.08510638297872,0.38461538461538464,1,0
US,0,1,5572,37,10,1,0,1,0,0,4.0,34.5,4.0,0.0,465,32,7,3,0,0,1,509,True,False,False,False,False,False,True,False,0.06881720430107527,0.23575638506876231,150.59459459459458,0.5384615384615384,0,0
US,0,0,15522,78,12,1,0,1,1,0,2.0,44.5,5.0,0.0,551,26,9,5,0,0,1,862,False,True,False,False,False,False,False,False,0.047186932849364795,0.06960556844547564,199.0,0.6923076923076923,0,1
US,1,1,5771,42,13,1,0,1,0,1,7.0,52.57142857142857,3.6666666666666665,1.0,660,30,8,11,0,0,1,886,True,False,False,False,False,True,False,False,0.045454545454545456,0.23702031602708803,137.4047619047619,0.6153846153846154,0,1
UK,0,0,5572,56,9,1,0,1,1,1,5.0,27.0,4.0,0.0,363,26,6,3,0,1,1,631,True,False,False,False,False,False,False,True,0.07162534435261708,0.23771790808240886,99.5,0.46153846153846156,1,0
US,0,0,8771,179,4,1,0,1,0,1,4.0,45.75,4.0,0.0,211,16,6,3,0,0,1,517,False,False,False,True,True,False,False,False,0.07582938388625593,0.23210831721470018,49.0,0.46153846153846156,1,0
US,0,0,6368,41,12,1,1,1,0,1,3.0,41.0,3.5,0.0,612,36,8,10,0,1,1,833,False,True,False,False,False,False,False,False,0.058823529411764705,0.10804321728691477,155.3170731707317,0.6153846153846154,0,1
US,0,1,14925,75,12,1,0,1,1,2,6.0,41.666666666666664,4.0,0.0,631,34,8,5,0,0,1,854,True,False,False,False,False,False,False,False,0.05388272583201268,0.2107728337236534,199.0,0.6153846153846154,0,1
CA,1,0,9751,49,7,1,1,1,1,1,4.0,43.75,4.0,0.0,352,11,8,1,0,0,1,1124,False,False,False,False,False,True,False,False,0.03125,0.10676156583629892,199.0,0.6153846153846154,1,1
US,0,0,6567,62,4,0,0,1,1,1,2.0,57.5,4.0,0.0,185,15,9,4,0,0,0,651,False,False,False,True,False,False,False,True,0.08108108108108109,0.09216589861751152,105.91935483870968,0.6923076923076923,1,0
US,0,0,12935,65,10,1,0,1,0,2,2.0,43.5,3.0,0.0,488,33,7,7,0,1,1,1069,False,False,False,True,False,False,False,False,0.06762295081967214,0.05612722170252572,199.0,0.5384615384615384,0,1
CA,0,0,4179,23,9,0,1,1,1,0,2.0,36.5,3.0,0.0,481,17,8,3,0,0,1,494,False,False,False,True,False,False,False,False,0.035343035343035345,0.12145748987854252,181.69565217391303,0.6153846153846154,0,0
US,0,0,6027,123,10,1,0,1,0,2,7.0,27.714285714285715,4.2,1.0,474,20,6,2,0,0,1,755,False,True,False,False,False,False,False,False,0.04219409282700422,0.2781456953642384,49.0,0.46153846153846156,0,1
IN,0,1,17313,87,11,1,1,1,1,1,4.0,18.75,4.0,1.0,587,45,10,7,0,0,1,578,False,False,False,False,True,False,False,False,0.07666098807495741,0.20761245674740486,199.0,0.7692307692307693,0,0
US,0,1,7761,67,12,1,0,1,1,2,3.0,17.0,5.0,0.0,571,26,6,6,0,0,1,657,False,False,True,False,True,False,False,False,0.04553415061295972,0.13698630136986303,115.83582089552239,0.46153846153846156,0,0
FR,0,1,1813,37,6,1,0,1,1,2,4.0,32.25,5.0,1.0,284,13,8,3,0,1,1,827,False,False,False,True,True,False,False,False,0.045774647887323945,0.14510278113663846,49.0,0.6153846153846154,1,1
US,0,0,4577,23,7,1,0,1,0,0,11.0,32.72727272727273,4.142857142857143,0.0,315,11,7,1,0,1,1,812,False,False,False,True,False,False,False,False,0.03492063492063492,0.4064039408866995,199.0,0.5384615384615384,1,1
AU,0,0,13930,70,11,1,0,1,0,0,4.0,54.75,3.75,1.0,566,31,8,5,0,0,1,584,False,False,True,False,False,True,False,False,0.054770318021201414,0.20547945205479454,199.0,0.6153846153846154,0,0
US,0,0,11144,64,8,1,1,1,1,2,3.0,51.333333333333336,3.3333333333333335,0.0,482,25,8,5,0,1,1,711,False,False,False,False,False,True,False,False,0.05186721991701245,0.12658227848101267,174.125,0.6153846153846154,0,0
US,1,0,6965,35,7,1,0,1,0,0,6.0,41.166666666666664,4.2,1.0,321,9,6,1,0,0,1,675,False,True,False,False,False,False,False,False,0.028037383177570093,0.26666666666666666,199.0,0.46153846153846156,1,0
US,1,1,3184,47,10,0,0,1,1,0,1.0,16.0,4.0,0.0,519,31,8,8,1,0,0,743,False,False,False,True,True,False,False,False,0.05973025048169557,0.04037685060565276,67.74468085106383,0.6153846153846154,0,1
AU,0,0,4577,45,8,1,0,1,1,1,4.0,29.5,4.0,0.0,379,18,8,4,0,0,1,976,True,False,False,False,False,True,False,False,0.047493403693931395,0.12295081967213116,101.71111111111111,0.6153846153846154,0,1
US,0,0,10149,85,11,0,0,1,0,2,0.0,0.0,4.0,0.0,679,30,9,6,0,0,0,1149,True,False,False,False,False,False,False,False,0.044182621502209134,0.0,119.4,0.6923076923076923,0,1
US,0,0,6169,91,11,1,1,1,1,1,4.0,30.25,4.0,0.0,638,27,7,3,1,0,1,1120,False,False,False,False,False,False,False,True,0.04231974921630094,0.10714285714285714,67.79120879120879,0.5384615384615384,0,1
IN,0,0,8557,43,5,0,0,1,1,2,6.0,24.666666666666668,4.0,0.0,398,18,9,5,0,0,1,538,False,False,False,False,False,False,False,False,0.04522613065326633,0.3345724907063197,199.0,0.6923076923076923,0,0
UK,0,1,5771,40,11,1,0,1,1,1,2.0,28.0,3.0,1.0,567,32,9,8,0,0,1,910,True,False,False,False,False,False,False,False,0.0564373897707231,0.06593406593406594,144.275,0.6923076923076923,0,1
UK,0,0,10547,53,10,0,0,1,0,2,5.0,24.4,3.2,0.0,462,43,8,4,0,0,1,723,True,False,False,False,False,True,False,False,0.09307359307359307,0.20746887966804978,199.0,0.6153846153846154,0,0
CA,0,0,6368,45,6,0,0,1,1,0,4.0,44.75,3.5,1.0,306,18,6,4,0,0,1,941,False,False,True,False,False,False,True,False,0.058823529411764705,0.1275239107332625,141.51111111111112,0.46153846153846156,1,1
US,0,0,5771,51,12,1,0,1,0,2,3.0,36.333333333333336,4.5,0.0,517,26,8,5,0,1,1,580,False,False,False,True,False,False,False,True,0.05029013539651837,0.15517241379310345,113.15686274509804,0.6153846153846154,0,0
US,0,0,5572,29,5,0,0,1,1,0,5.0,41.2,4.0,0.0,265,25,8,4,0,1,1,895,False,True,False,False,True,False,False,False,0.09433962264150944,0.1675977653631285,192.13793103448276,0.6153846153846154,1,1
US,0,0,1421,29,4,0,0,1,0,2,5.0,42.6,3.0,0.0,226,17,5,3,0,1,1,566,True,False,False,False,True,False,False,False,0.0752212389380531,0.26501766784452296,49.0,0.38461538461538464,1,0
UK,0,1,5174,58,14,1,1,1,0,1,5.0,39.8,4.25,1.0,679,46,8,5,0,0,1,655,False,True,False,False,False,False,True,False,0.06774668630338733,0.22900763358778628,89.20689655172414,0.6153846153846154,0,0
US,0,0,9751,85,11,1,1,1,1,2,3.0,22.333333333333332,4.0,0.0,618,42,8,2,0,0,1,1056,False,False,False,False,False,False,True,False,0.06796116504854369,0.08522727272727272,114.71764705882353,0.6153846153846154,0,1
US,1,1,5174,59,10,0,1,1,0,2,5.0,50.4,4.2,0.0,400,27,6,4,0,0,1,957,False,False,False,True,False,True,False,False,0.0675,0.15673981191222572,87.69491525423729,0.46153846153846156,0,1
FR,0,0,17313,87,18,1,0,1,1,2,4.0,29.5,4.0,0.0,807,71,9,8,0,0,1,834,False,True,False,False,False,False,True,False,0.08798017348203221,0.14388489208633093,199.0,0.6923076923076923,0,1
US,0,0,5970,30,7,1,1,1,1,1,5.0,34.8,4.5,1.0,407,24,8,0,0,0,1,684,False,False,False,True,True,False,False,False,0.05896805896805897,0.21929824561403508,199.0,0.6153846153846154,0,0
FR,1,0,5970,53,10,1,0,1,1,2,6.0,49.833333333333336,4.0,0.0,484,22,7,7,0,0,1,553,True,False,False,False,False,False,False,True,0.045454545454545456,0.325497287522604,112.64150943396227,0.5384615384615384,0,0
IN,0,0,8358,42,10,1,0,1,0,1,9.0,44.55555555555556,4.0,0.0,493,28,7,5,0,0,1,1187,False,False,False,False,False,False,False,True,0.056795131845841784,0.22746419545071608,199.0,0.5384615384615384,0,1
IN,0,0,18109,91,9,1,0,1,1,2,4.0,59.5,4.0,1.0,473,23,9,2,1,0,0,531,False,True,False,False,False,False,False,True,0.048625792811839326,0.22598870056497175,199.0,0.6923076923076923,0,0
US,0,0,2499,51,11,1,0,1,1,0,6.0,36.833333333333336,3.25,0.0,576,37,7,5,0,0,1,1158,False,False,False,False,False,False,False,False,0.0642361111111111,0.15544041450777202,49.0,0.5384615384615384,0,1
UK,0,0,5572,156,19,1,0,1,0,0,4.0,21.0,3.5,0.0,793,53,8,9,0,0,1,728,True,False,False,False,False,False,False,False,0.06683480453972257,0.16483516483516483,35.717948717948715,0.6153846153846154,0,0
US,0,1,5970,92,10,1,0,1,0,0,0.0,0.0,4.0,0.0,529,28,7,4,0,0,0,735,False,True,False,False,False,True,False,False,0.052930056710775046,0.0,64.8913043478261,0.5384615384615384,0,1
DE,0,1,9950,50,9,0,0,1,0,0,4.0,47.0,5.0,0.0,512,31,10,6,1,0,1,1161,False,False,False,False,False,False,True,False,0.060546875,0.10335917312661498,199.0,0.7692307692307693,0,1
US,0,0,3381,69,5,1,1,1,1,2,7.0,30.714285714285715,3.5,0.0,205,11,7,1,1,0,1,647,True,False,False,False,False,False,False,False,0.05365853658536585,0.32457496136012365,49.0,0.5384615384615384,1,0
AU,0,0,20895,105,11,1,0,1,0,0,2.0,38.5,3.5,0.0,685,30,10,4,0,0,1,838,False,True,False,False,False,False,False,True,0.043795620437956206,0.07159904534606205,199.0,0.7692307692307693,0,1
US,0,1,5572,62,16,1,1,1,1,2,3.0,40.333333333333336,4.0,0.0,902,43,9,14,0,0,1,1076,False,False,False,False,True,False,False,False,0.04767184035476718,0.08364312267657993,89.87096774193549,0.6923076923076923,0,1
US,0,0,6567,51,16,0,1,1,1,0,4.0,30.75,3.0,0.0,796,34,8,8,0,0,1,753,True,False,False,False,False,False,False,False,0.04271356783919598,0.1593625498007968,128.76470588235293,0.6153846153846154,0,1
US,0,0,11741,71,11,0,1,1,1,1,5.0,23.8,3.0,0.0,509,24,8,3,0,0,1,495,True,False,False,False,False,False,True,False,0.047151277013752456,0.30303030303030304,165.3661971830986,0.6153846153846154,0,0
US,0,0,2450,50,9,1,0,1,1,2,2.0,51.0,3.5,0.0,419,31,7,3,0,0,1,1119,True,False,False,False,False,False,True,False,0.07398568019093078,0.05361930294906166,49.0,0.5384615384615384,0,1
US,0,0,6965,54,8,1,0,1,1,0,7.0,33.285714285714285,4.0,0.0,276,15,5,5,1,0,1,645,False,False,False,False,False,True,False,False,0.05434782608695652,0.32558139534883723,128.9814814814815,0.38461538461538464,1,0
US,0,0,7761,123,5,0,0,1,0,2,1.0,19.0,4.0,0.0,233,12,5,5,0,0,1,527,False,False,False,False,False,False,True,False,0.05150214592274678,0.05692599620493359,63.09756097560975,0.38461538461538464,1,0
UK,1,0,3184,74,11,1,0,1,0,2,5.0,45.8,4.0,0.0,610,29,10,9,1,0,1,767,False,False,True,False,False,False,False,True,0.047540983606557376,0.19556714471968709,43.027027027027025,0.7692307692307693,0,1
UK,0,0,17711,89,11,0,0,1,0,2,2.0,46.5,5.0,0.0,520,22,7,10,0,0,1,1160,False,False,False,False,True,False,False,False,0.04230769230769231,0.05172413793103449,199.0,0.5384615384615384,0,1
US,1,0,4776,84,10,0,0,1,0,0,3.0,48.333333333333336,3.5,0.0,577,26,11,8,0,1,1,549,False,True,False,False,True,False,False,False,0.045060658578856154,0.16393442622950818,56.857142857142854,0.8461538461538461,0,0
FR,1,0,4378,91,9,1,1,1,0,0,4.0,24.25,4.0,0.0,457,34,7,6,0,1,1,678,False,False,True,False,False,False,False,False,0.07439824945295405,0.17699115044247787,48.10989010989011,0.5384615384615384,0,0
US,0,0,7562,38,12,1,1,1,0,1,3.0,39.0,3.0,0.0,627,29,8,4,0,0,1,509,True,False,False,False,False,True,False,False,0.046251993620414676,0.17681728880157171,199.0,0.6153846153846154,0,0
US,0,0,6766,34,7,1,0,1,0,1,4.0,20.0,4.0,0.0,463,30,10,3,1,0,1,543,False,False,False,False,False,False,True,False,0.06479481641468683,0.22099447513812154,199.0,0.7692307692307693,0,0
UK,0,0,3184,25,4,0,0,1,0,1,2.0,33.5,4.0,0.0,244,7,8,2,1,1,0,584,False,False,True,False,False,False,False,True,0.028688524590163935,0.10273972602739727,127.36,0.6153846153846154,1,0
US,0,0,8955,45,10,1,1,1,1,1,4.0,47.5,3.0,1.0,438,18,8,4,0,0,1,749,False,True,False,False,False,False,True,False,0.0410958904109589,0.1602136181575434,199.0,0.6153846153846154,0,1
UK,0,0,15721,79,7,1,0,1,0,1,3.0,40.0,4.333333333333333,0.0,387,13,7,4,0,0,1,796,False,False,False,False,False,False,False,False,0.03359173126614987,0.11306532663316582,199.0,0.5384615384615384,0,1
US,0,0,4577,28,7,1,0,1,0,2,5.0,36.0,4.5,0.0,451,21,12,2,0,0,1,1177,False,False,True,False,True,False,False,False,0.04656319290465632,0.1274426508071368,163.46428571428572,0.9230769230769231,0,1
IN,0,0,2548,55,11,1,1,1,0,2,4.0,53.75,3.5,0.0,582,28,7,7,0,0,1,1083,False,False,False,False,True,False,False,False,0.048109965635738834,0.11080332409972299,46.32727272727273,0.5384615384615384,0,1
UK,1,0,8159,41,11,0,0,1,1,2,1.0,24.0,4.0,0.0,619,38,9,9,0,1,1,577,False,False,False,False,True,False,False,False,0.061389337641357025,0.05199306759098787,199.0,0.6923076923076923,0,0
AU,0,0,8557,43,14,1,0,1,0,1,3.0,35.0,3.6666666666666665,0.0,628,33,8,9,0,0,1,1078,False,False,True,False,True,False,False,False,0.052547770700636945,0.08348794063079779,199.0,0.6153846153846154,0,1
FR,0,0,8557,108,6,0,0,1,1,2,3.0,47.666666666666664,4.333333333333333,0.0,237,24,5,2,0,0,1,473,True,False,False,False,False,False,False,True,0.10126582278481013,0.19027484143763213,79.23148148148148,0.38461538461538464,1,0
US,1,0,11940,60,8,0,1,1,1,0,5.0,39.6,3.6666666666666665,0.0,448,16,8,7,0,0,1,848,False,True,False,False,False,False,False,True,0.03571428571428571,0.1768867924528302,199.0,0.6153846153846154,0,1
IN,0,0,7761,68,10,1,0,1,1,0,3.0,37.333333333333336,4.0,0.0,617,43,9,3,0,0,1,1042,False,False,True,False,False,False,True,False,0.06969205834683954,0.08637236084452975,114.13235294117646,0.6923076923076923,0,1
IN,0,0,9751,49,14,1,0,1,1,0,3.0,13.666666666666666,3.5,1.0,687,45,8,10,0,0,1,1079,False,False,True,False,False,False,False,False,0.06550218340611354,0.08341056533827618,199.0,0.6153846153846154,0,1
US,1,0,6468,132,12,1,0,1,1,2,2.0,64.0,3.0,0.0,640,28,8,6,0,0,1,1177,False,False,False,False,False,False,False,True,0.04375,0.05097706032285471,49.0,0.6153846153846154,0,1
UK,0,0,5174,71,11,1,0,1,1,2,5.0,39.6,4.333333333333333,0.0,574,12,8,3,0,0,1,639,False,False,True,False,False,True,False,False,0.020905923344947737,0.2347417840375587,72.87323943661971,0.6153846153846154,0,0
FR,0,1,3980,61,10,1,1,1,1,1,2.0,33.5,4.5,1.0,550,34,8,10,0,1,1,887,True,False,False,False,True,False,False,False,0.06181818181818182,0.06764374295377677,65.24590163934427,0.6153846153846154,0,1
CA,0,1,10945,130,13,0,0,1,1,0,4.0,27.0,4.0,0.0,866,46,12,11,0,0,1,783,True,False,False,False,False,True,False,False,0.053117782909930716,0.1532567049808429,84.1923076923077,0.9230769230769231,0,1
US,0,1,5572,28,9,0,1,1,1,1,7.0,32.0,4.0,0.0,360,20,8,2,0,0,1,879,False,True,False,False,False,False,True,False,0.05555555555555555,0.23890784982935154,199.0,0.6153846153846154,1,1
UK,0,0,5047,103,14,1,0,1,0,0,2.0,43.5,3.0,0.0,743,31,8,9,0,0,1,1072,False,False,False,True,False,False,False,False,0.04172274562584118,0.055970149253731345,49.0,0.6153846153846154,0,1
DE,0,0,6368,56,8,1,1,1,0,1,3.0,41.333333333333336,4.0,0.0,362,32,7,3,0,0,1,760,False,False,False,True,False,True,False,False,0.08839779005524862,0.11842105263157895,113.71428571428571,0.5384615384615384,1,1
US,0,1,13731,69,13,0,1,1,0,1,5.0,37.8,4.6,1.0,692,40,8,10,0,1,1,673,False,False,True,False,False,False,False,False,0.057803468208092484,0.22288261515601782,199.0,0.6153846153846154,0,0
US,1,1,5572,28,11,0,0,1,1,0,8.0,29.75,3.8333333333333335,1.0,539,39,8,8,1,0,1,477,False,False,True,False,False,False,True,False,0.07235621521335807,0.5031446540880503,199.0,0.6153846153846154,0,0
US,0,0,1421,56,11,1,0,1,1,0,3.0,58.0,3.0,0.0,473,16,6,3,0,0,1,1123,False,False,False,False,False,False,True,False,0.03382663847780127,0.08014247551202137,25.375,0.46153846153846156,0,1
UK,0,0,17711,89,16,1,1,1,0,1,4.0,40.25,3.6666666666666665,1.0,725,43,8,9,0,0,1,1075,False,False,False,False,False,True,False,False,0.05931034482758621,0.11162790697674418,199.0,0.6153846153846154,0,1
US,0,0,23283,117,10,1,1,1,1,2,4.0,39.25,4.0,0.0,488,33,7,6,0,0,1,547,False,False,True,False,False,False,True,False,0.06762295081967214,0.21937842778793418,199.0,0.5384615384615384,0,0
IN,0,0,1990,16,7,0,0,1,0,0,5.0,30.6,3.5,0.0,343,18,9,1,0,0,1,1028,False,False,False,True,False,False,True,False,0.052478134110787174,0.14591439688715954,124.375,0.6923076923076923,1,1
CA,1,0,4776,59,11,1,0,1,0,1,3.0,30.333333333333332,4.0,0.0,490,21,6,3,0,0,1,626,False,True,False,False,False,True,False,False,0.04285714285714286,0.14376996805111822,80.94915254237289,0.46153846153846156,0,0
US,0,0,4179,22,5,1,0,1,0,0,4.0,26.25,4.0,0.0,232,8,6,4,0,0,1,1157,False,False,False,True,False,False,False,False,0.034482758620689655,0.10371650821089022,189.95454545454547,0.46153846153846156,1,1
UK,0,0,1178,62,9,0,0,1,0,0,5.0,28.8,4.0,0.0,461,31,8,4,0,0,1,777,False,False,False,True,True,False,False,False,0.06724511930585683,0.19305019305019305,19.0,0.6153846153846154,0,1
UK,0,0,190,35,2,0,0,1,0,0,6.0,23.166666666666668,4.25,1.0,92,0,7,0,0,0,1,645,False,False,False,False,False,False,False,True,0.0,0.27906976744186046,5.428571428571429,0.5384615384615384,1,0
US,0,0,1862,104,8,1,0,1,1,1,2.0,53.0,5.0,0.0,288,9,5,2,1,0,1,953,True,False,False,False,False,True,False,False,0.03125,0.06295907660020987,17.903846153846153,0.38461538461538464,1,1
US,0,0,8756,44,7,0,0,1,1,0,3.0,13.0,3.0,0.0,296,11,7,1,0,0,1,1142,False,False,True,False,True,False,False,False,0.037162162162162164,0.07880910683012259,199.0,0.5384615384615384,1,1
UK,0,0,1960,43,12,1,0,1,1,1,3.0,30.666666666666668,4.666666666666667,0.0,456,24,5,1,1,0,1,995,False,False,False,False,False,False,False,True,0.05263157894736842,0.09045226130653267,45.58139534883721,0.38461538461538464,0,1
FR,0,0,13731,69,16,1,0,1,0,1,7.0,32.857142857142854,4.333333333333333,0.0,601,28,7,4,0,0,1,877,False,False,False,False,False,False,False,False,0.04658901830282862,0.2394526795895097,199.0,0.5384615384615384,0,1
US,0,0,2107,43,19,0,0,1,1,1,7.0,45.0,4.4,0.0,885,76,7,8,0,1,1,676,False,False,False,True,False,False,False,False,0.08587570621468926,0.3106508875739645,49.0,0.5384615384615384,0,0
US,0,0,9353,111,10,1,0,1,0,2,5.0,28.8,3.6666666666666665,0.0,564,29,12,1,0,0,1,1078,False,False,False,False,False,False,False,False,0.051418439716312055,0.1391465677179963,84.26126126126127,0.9230769230769231,0,1
DE,1,1,4802,98,5,1,0,1,0,2,2.0,20.5,5.0,1.0,194,15,6,2,0,0,1,1152,False,False,False,False,False,False,True,False,0.07731958762886598,0.052083333333333336,49.0,0.46153846153846156,1,1
CA,0,0,9950,53,12,1,0,1,0,2,6.0,43.0,3.2,0.0,682,47,9,2,0,0,1,949,False,False,True,False,False,False,True,False,0.0689149560117302,0.18967334035827188,187.73584905660377,0.6923076923076923,0,1
IN,1,1,6169,62,12,1,0,1,0,1,4.0,8.0,4.333333333333333,0.0,613,34,11,6,0,0,1,883,False,False,True,False,True,False,False,False,0.05546492659053834,0.13590033975084936,99.5,0.8461538461538461,0,1
AU,0,0,9751,49,10,1,1,1,1,1,5.0,55.0,4.0,1.0,524,37,10,8,0,1,1,725,True,False,False,False,True,False,False,False,0.07061068702290077,0.20689655172413793,199.0,0.7692307692307693,0,0
US,1,0,1225,25,7,1,0,1,0,2,3.0,16.333333333333332,3.5,0.0,314,26,8,0,0,0,1,1111,True,False,False,False,False,False,False,False,0.08280254777070063,0.08100810081008102,49.0,0.6153846153846154,1,1
US,0,0,5373,32,10,1,1,1,1,1,1.0,36.0,4.0,0.0,344,23,6,4,0,0,1,606,False,False,False,False,False,False,False,True,0.06686046511627906,0.04950495049504951,167.90625,0.46153846153846156,1,0
US,1,1,2388,54,9,1,1,1,1,1,0.0,0.0,4.0,0.0,477,29,9,4,0,1,0,592,True,False,False,False,False,True,False,False,0.06079664570230608,0.0,44.22222222222222,0.6923076923076923,0,0
AU,0,0,1791,17,5,1,0,1,0,2,6.0,39.0,4.25,0.0,305,21,7,5,0,1,1,762,False,False,True,False,False,False,False,True,0.06885245901639345,0.2362204724409449,105.3529411764706,0.5384615384615384,1,1
US,0,0,4378,36,8,0,0,1,1,0,6.0,48.333333333333336,4.25,1.0,447,30,8,5,0,0,1,829,False,True,False,False,False,False,True,False,0.06711409395973154,0.21712907117008445,121.61111111111111,0.6153846153846154,0,1
US,1,0,6766,86,7,1,1,1,0,1,4.0,32.5,4.0,1.0,425,34,9,4,0,0,1,1004,False,False,False,False,False,True,False,False,0.08,0.1195219123505976,78.67441860465117,0.6923076923076923,0,1
IN,0,0,15124,76,13,1,1,1,1,2,2.0,66.0,4.0,1.0,667,32,8,7,0,0,1,687,True,False,False,False,False,False,False,True,0.047976011994003,0.08733624454148473,199.0,0.6153846153846154,0,0
US,0,0,735,15,6,0,0,1,0,1,2.0,14.5,5.0,0.0,262,14,7,4,1,0,1,507,False,False,False,True,False,True,False,False,0.05343511450381679,0.1183431952662722,49.0,0.5384615384615384,1,0
US,0,1,8159,41,14,1,0,1,0,2,2.0,30.0,4.0,0.0,592,35,7,6,0,0,1,821,False,False,False,False,False,False,False,True,0.05912162162162162,0.0730816077953715,199.0,0.5384615384615384,0,1
US,0,1,2189,24,11,1,0,1,1,0,3.0,48.0,4.5,0.0,598,28,8,6,0,0,1,1000,False,False,False,True,False,False,True,False,0.046822742474916385,0.09,91.20833333333333,0.6153846153846154,0,1
US,1,1,2989,76,11,0,1,1,0,1,5.0,45.2,4.333333333333333,2.0,519,26,7,4,0,1,1,1157,False,True,False,False,False,False,False,True,0.05009633911368015,0.12964563526361278,39.328947368421055,0.5384615384615384,0,1
US,1,0,9353,47,15,0,1,1,1,1,5.0,38.4,4.6,0.0,864,45,9,2,0,0,1,672,True,False,False,False,False,False,True,False,0.052083333333333336,0.22321428571428573,199.0,0.6923076923076923,0,0
US,0,0,8955,45,9,1,0,1,1,2,3.0,48.333333333333336,3.0,0.0,457,24,8,6,0,1,1,868,False,False,False,True,True,False,False,False,0.0525164113785558,0.10368663594470046,199.0,0.6153846153846154,0,1
US,1,0,4378,77,12,1,0,1,0,0,4.0,19.25,4.25,0.0,696,47,8,6,0,0,1,897,False,False,False,True,False,False,True,False,0.06752873563218391,0.13377926421404682,56.857142857142854,0.6153846153846154,0,1
US,1,0,4776,56,16,1,1,1,1,2,3.0,27.333333333333332,4.0,1.0,742,35,8,6,1,1,0,702,False,False,False,True,False,True,False,False,0.04716981132075472,0.12820512820512822,85.28571428571429,0.6153846153846154,0,0
FR,0,0,245,11,4,0,0,1,0,2,5.0,23.8,3.6666666666666665,0.0,244,19,6,1,0,0,1,864,False,True,False,False,False,False,True,False,0.0778688524590164,0.1736111111111111,22.272727272727273,0.46153846153846156,1,1
US,0,0,7960,44,9,0,0,1,0,2,5.0,23.0,4.25,0.0,455,36,6,6,0,0,1,499,False,True,False,False,False,False,False,True,0.07912087912087912,0.30060120240480964,180.9090909090909,0.46153846153846156,0,0
US,0,1,4179,83,12,1,0,1,0,0,8.0,35.25,3.8,0.0,550,30,7,3,0,1,1,611,False,False,False,True,False,True,False,False,0.05454545454545454,0.39279869067103107,50.34939759036145,0.5384615384615384,0,0
US,0,0,8955,161,8,0,0,1,0,0,5.0,29.8,4.0,0.0,344,13,6,1,0,0,1,712,False,False,True,False,False,False,True,False,0.0377906976744186,0.21067415730337077,55.62111801242236,0.46153846153846156,1,0
US,0,0,2985,77,7,1,0,1,0,2,4.0,64.25,4.5,1.0,296,16,8,4,0,0,1,1052,False,False,True,False,False,True,False,False,0.05405405405405406,0.11406844106463877,38.76623376623377,0.6153846153846154,1,1
US,1,1,1764,36,6,0,0,1,1,2,4.0,38.5,4.0,0.0,278,16,6,1,0,0,1,1184,True,False,False,False,False,False,False,False,0.05755395683453238,0.10135135135135134,49.0,0.46153846153846156,1,1
US,0,0,1596,84,13,1,1,1,0,1,5.0,30.2,4.5,0.0,618,48,8,11,0,0,1,496,False,False,True,False,False,False,True,False,0.07766990291262135,0.30241935483870963,19.0,0.6153846153846154,0,0
US,0,0,8955,79,15,0,1,1,0,1,5.0,16.6,3.25,1.0,844,46,9,6,0,1,1,1140,False,False,True,False,False,False,True,False,0.054502369668246446,0.13157894736842105,113.35443037974683,0.6923076923076923,0,1
US,0,0,3383,42,8,0,1,1,0,2,2.0,66.0,5.0,0.0,586,27,9,7,0,0,1,525,True,False,False,False,False,False,False,True,0.04607508532423208,0.11428571428571428,80.54761904761905,0.6923076923076923,0,0
US,0,0,2985,42,10,1,0,1,0,1,4.0,33.25,4.333333333333333,0.0,394,39,6,5,0,0,1,733,False,False,False,True,False,False,False,True,0.09898477157360407,0.1637107776261937,71.07142857142857,0.46153846153846156,0,1
UK,0,0,13532,68,17,1,1,1,0,1,5.0,42.2,3.5,0.0,661,38,9,9,0,0,1,506,False,False,False,False,False,False,False,False,0.057488653555219364,0.2964426877470356,199.0,0.6923076923076923,0,0
US,0,0,10746,54,10,1,0,1,1,1,2.0,59.0,3.0,0.0,475,44,7,6,0,0,1,918,False,False,False,True,False,False,False,True,0.09263157894736843,0.06535947712418301,199.0,0.5384615384615384,0,1
UK,1,0,12537,63,6,0,0,1,1,1,4.0,44.0,4.0,1.0,321,26,8,2,0,1,1,482,False,False,True,False,True,False,False,False,0.08099688473520249,0.24896265560165975,199.0,0.6153846153846154,1,0
US,0,0,5174,48,12,0,1,1,0,1,4.0,42.0,4.0,0.0,632,23,8,4,0,1,1,712,False,False,False,False,False,False,False,True,0.03639240506329114,0.16853932584269662,107.79166666666667,0.6153846153846154,0,0
UK,0,0,7164,36,5,1,0,1,0,1,2.0,32.5,3.0,0.0,244,22,6,6,0,0,1,1079,False,False,False,True,True,False,False,False,0.09016393442622951,0.05560704355885079,199.0,0.46153846153846156,1,1
US,0,1,9751,52,13,0,0,1,0,1,5.0,38.6,3.75,0.0,623,38,8,7,0,1,1,850,False,False,True,False,False,False,False,True,0.060995184590690206,0.17647058823529413,187.51923076923077,0.6153846153846154,0,1
DE,0,0,7960,49,6,1,1,1,1,2,6.0,38.0,4.25,0.0,178,10,5,0,0,0,1,1123,False,False,False,False,False,False,False,True,0.056179775280898875,0.16028495102404275,162.44897959183675,0.38461538461538464,1,1
US,0,0,12537,63,10,1,1,1,1,0,4.0,16.25,4.333333333333333,0.0,498,22,7,7,0,0,1,713,False,False,True,False,False,False,True,False,0.04417670682730924,0.16830294530154277,199.0,0.5384615384615384,0,0
US,0,0,9154,46,11,1,1,1,0,2,7.0,38.285714285714285,4.0,1.0,635,43,8,12,0,0,1,628,False,False,False,False,False,False,True,False,0.06771653543307087,0.3343949044585987,199.0,0.6153846153846154,0,0
US,0,0,6766,36,10,0,0,1,0,2,2.0,31.5,3.0,0.0,698,36,11,11,0,0,1,603,False,False,True,False,False,False,True,False,0.05157593123209169,0.09950248756218905,187.94444444444446,0.8461538461538461,0,0
US,0,0,456,26,5,0,0,1,1,0,7.0,40.285714285714285,4.2,1.0,297,13,7,3,0,0,1,550,False,False,True,False,True,False,False,False,0.04377104377104377,0.38181818181818183,17.53846153846154,0.5384615384615384,1,0
UK,0,0,16915,90,16,1,1,1,1,0,1.0,46.0,4.0,0.0,833,52,9,10,0,0,1,720,False,True,False,False,False,False,False,False,0.062424969987995196,0.041666666666666664,187.94444444444446,0.6923076923076923,0,0
US,0,0,6169,31,8,0,0,1,0,0,7.0,40.57142857142857,3.75,0.0,394,14,10,3,0,0,1,640,False,False,True,False,True,False,False,False,0.03553299492385787,0.328125,199.0,0.7692307692307693,0,0
IN,0,0,1393,11,6,0,0,1,1,2,5.0,27.2,5.0,0.0,298,19,5,1,0,0,1,537,False,False,True,False,False,False,False,True,0.06375838926174497,0.2793296089385475,126.63636363636364,0.38461538461538464,1,0
DE,0,0,4179,58,7,0,0,1,1,2,6.0,36.666666666666664,4.0,0.0,373,17,7,2,1,0,1,911,False,True,False,False,False,True,False,False,0.045576407506702415,0.19758507135016465,72.05172413793103,0.5384615384615384,1,1
US,0,0,6567,33,16,0,1,1,0,0,5.0,32.6,4.0,0.0,788,47,8,8,0,1,1,616,False,False,True,False,False,True,False,False,0.05964467005076142,0.24350649350649348,199.0,0.6153846153846154,0,0
DE,0,0,5771,73,7,0,0,1,1,1,7.0,43.142857142857146,3.5,0.0,340,23,7,4,0,0,1,776,False,False,True,False,False,True,False,False,0.06764705882352941,0.2706185567010309,79.05479452054794,0.5384615384615384,1,1
DE,0,0,2205,45,6,1,0,1,1,0,1.0,32.0,3.0,0.0,364,22,8,3,0,0,1,696,False,False,True,False,False,False,False,True,0.06043956043956044,0.04310344827586207,49.0,0.6153846153846154,1,0
US,1,0,1421,29,3,0,0,1,1,2,2.0,35.5,4.0,1.0,119,10,6,0,0,0,1,1194,False,False,False,False,False,True,False,False,0.08403361344537816,0.05025125628140704,49.0,0.46153846153846156,1,1
FR,0,1,5174,42,9,1,0,1,1,1,5.0,33.0,4.0,0.0,352,19,6,3,0,0,1,912,True,False,False,False,False,False,True,False,0.05397727272727273,0.16447368421052633,123.19047619047619,0.46153846153846156,1,1
AU,0,0,14925,75,7,0,0,1,0,1,3.0,33.666666666666664,4.0,0.0,312,6,7,2,0,0,1,698,False,False,True,False,True,False,False,False,0.019230769230769232,0.12893982808022922,199.0,0.5384615384615384,1,0
US,0,0,6965,35,10,1,0,1,1,2,5.0,38.8,4.333333333333333,0.0,598,29,10,5,0,0,1,1006,False,True,False,False,True,False,False,False,0.048494983277591976,0.14910536779324057,199.0,0.7692307692307693,0,1
US,0,1,9950,50,14,0,1,1,1,2,5.0,31.0,4.5,0.0,811,48,9,5,0,0,1,940,False,False,True,False,False,False,False,True,0.059186189889025895,0.1595744680851064,199.0,0.6923076923076923,0,1
US,1,0,3383,68,6,0,1,1,0,1,0.0,0.0,4.0,0.0,317,13,6,5,0,0,0,622,False,False,True,False,True,False,False,False,0.04100946372239748,0.0,49.75,0.46153846153846156,1,0
US,0,0,4179,25,5,0,1,1,0,0,6.0,23.5,4.5,0.0,164,7,5,2,1,0,1,676,False,False,False,False,False,True,False,False,0.042682926829268296,0.2662721893491124,167.16,0.38461538461538464,1,0
US,0,0,6368,57,10,1,0,1,0,2,3.0,4.666666666666667,4.0,0.0,551,24,10,3,0,0,1,1060,True,False,False,False,False,False,False,False,0.043557168784029036,0.08490566037735849,111.71929824561404,0.7692307692307693,0,1
US,1,0,18706,94,14,1,1,1,1,1,2.0,31.0,4.0,0.0,617,32,8,6,1,0,1,936,True,False,False,False,False,False,False,True,0.05186385737439222,0.06410256410256411,199.0,0.6153846153846154,0,1
IN,0,0,11741,59,10,0,1,1,0,2,4.0,46.25,3.6666666666666665,0.0,506,29,9,8,0,1,1,894,False,False,False,True,False,True,False,False,0.05731225296442688,0.1342281879194631,199.0,0.6923076923076923,0,1
UK,1,0,9552,50,8,0,0,1,0,1,4.0,30.25,4.666666666666667,0.0,284,18,6,2,0,0,1,534,False,False,False,False,False,True,False,False,0.06338028169014084,0.2247191011235955,191.04,0.46153846153846156,1,0
US,0,0,10746,54,13,1,1,1,1,2,5.0,42.0,4.25,0.0,587,37,9,1,0,0,1,1082,True,False,False,False,True,False,False,False,0.06303236797274275,0.1386321626617375,199.0,0.6923076923076923,0,1
UK,1,0,8955,45,15,1,0,1,1,1,2.0,47.5,4.0,0.0,738,39,7,8,0,1,1,689,False,False,False,False,False,False,False,True,0.052845528455284556,0.08708272859216257,199.0,0.5384615384615384,0,0
US,1,0,13333,67,11,0,1,1,1,1,8.0,30.375,4.0,0.0,432,21,9,7,0,0,1,574,False,False,True,False,False,False,False,False,0.04861111111111111,0.4181184668989547,199.0,0.6923076923076923,0,0
IN,0,0,5572,33,13,1,0,1,1,2,3.0,29.333333333333332,4.666666666666667,0.0,601,34,8,4,0,0,1,1047,True,False,False,False,False,False,True,False,0.056572379367720464,0.08595988538681949,168.84848484848484,0.6153846153846154,0,1
DE,0,0,5572,29,8,0,1,1,1,1,1.0,61.0,5.0,0.0,444,24,7,2,0,0,1,778,False,False,False,True,False,False,True,False,0.05405405405405406,0.038560411311053984,192.13793103448276,0.5384615384615384,0,1
UK,1,0,15920,80,11,1,0,1,0,0,5.0,44.2,4.333333333333333,0.0,461,11,7,2,0,0,1,980,False,False,True,False,False,False,True,False,0.02386117136659436,0.15306122448979592,199.0,0.5384615384615384,0,1
US,0,0,4776,54,8,1,0,1,1,2,5.0,35.8,5.0,0.0,312,18,7,2,1,0,1,665,True,False,False,False,False,False,False,True,0.057692307692307696,0.22556390977443608,88.44444444444444,0.5384615384615384,1,0
US,1,0,13930,70,7,1,0,1,1,0,3.0,36.333333333333336,5.0,1.0,363,22,7,3,1,1,1,626,False,True,False,False,False,False,True,False,0.06060606060606061,0.14376996805111822,199.0,0.5384615384615384,1,0
US,0,1,3781,19,10,1,0,1,0,2,4.0,42.25,4.0,0.0,556,37,8,4,0,0,1,996,False,False,False,True,False,False,False,False,0.06654676258992806,0.12048192771084336,199.0,0.6153846153846154,0,1
US,0,0,5572,48,7,1,1,1,0,1,2.0,14.5,3.5,0.0,268,18,6,1,0,1,1,671,True,False,False,False,False,False,False,False,0.06716417910447761,0.08941877794336811,116.08333333333333,0.46153846153846156,1,0
US,0,0,4378,85,5,1,0,1,1,2,2.0,28.5,4.0,0.0,183,10,6,2,0,0,1,606,True,False,False,False,False,False,True,False,0.0546448087431694,0.09900990099009901,51.50588235294118,0.46153846153846156,1,0
US,0,1,7960,100,15,0,1,1,1,0,1.0,35.0,3.0,0.0,840,47,8,9,0,0,1,1147,True,False,False,False,True,False,False,False,0.055952380952380955,0.026155187445510025,79.6,0.6153846153846154,0,1
US,0,0,12139,85,12,1,1,1,0,0,3.0,33.666666666666664,3.5,0.0,634,29,10,5,0,0,1,626,False,True,False,False,False,False,False,True,0.04574132492113565,0.14376996805111822,142.81176470588235,0.7692307692307693,0,0
US,0,0,12935,65,15,1,1,1,0,2,5.0,40.6,4.0,0.0,690,40,7,7,0,0,1,1181,True,False,False,False,False,True,False,False,0.057971014492753624,0.12701100762066045,199.0,0.5384615384615384,0,1
US,1,0,6368,56,16,0,1,1,1,1,3.0,24.666666666666668,5.0,0.0,808,46,9,10,0,1,1,980,False,False,False,True,True,False,False,False,0.05693069306930693,0.09183673469387756,113.71428571428571,0.6923076923076923,0,1
US,1,0,29452,148,11,1,0,1,1,2,5.0,45.2,3.8,0.0,486,20,8,4,0,1,1,486,False,True,False,False,False,True,False,False,0.0411522633744856,0.308641975308642,199.0,0.6153846153846154,0,0
US,0,0,6766,36,12,1,1,1,1,1,3.0,30.333333333333332,3.0,0.0,709,33,12,12,0,1,1,720,False,True,False,False,False,False,False,False,0.0465444287729196,0.125,187.94444444444446,0.9230769230769231,0,0
US,0,0,9353,47,13,1,0,1,0,2,3.0,58.0,4.0,0.0,644,48,7,11,0,0,1,547,True,False,False,False,True,False,False,False,0.07453416149068323,0.16453382084095064,199.0,0.5384615384615384,0,0
US,0,0,10547,53,12,1,1,1,1,1,1.0,67.0,4.0,0.0,721,46,8,8,0,1,1,817,True,False,False,False,False,False,True,False,0.0638002773925104,0.03671970624235006,199.0,0.6153846153846154,0,1
US,0,0,25472,128,8,0,0,1,1,0,1.0,64.0,3.0,0.0,369,14,6,2,0,0,1,534,False,False,False,False,False,False,True,False,0.037940379403794036,0.056179775280898875,199.0,0.46153846153846156,1,0
IN,0,1,4577,57,11,0,0,1,0,2,3.0,31.666666666666668,4.5,1.0,636,34,10,11,0,0,1,662,False,False,True,False,False,False,False,False,0.05345911949685535,0.13595166163141995,80.29824561403508,0.7692307692307693,0,0
US,1,0,2985,43,7,0,0,1,0,1,6.0,31.833333333333332,3.3333333333333335,1.0,307,12,6,3,0,0,1,1180,False,False,False,False,False,False,True,False,0.03908794788273615,0.15254237288135591,69.4186046511628,0.46153846153846156,1,1
CA,0,0,1666,88,8,0,0,1,1,0,4.0,39.5,3.5,0.0,402,30,7,5,0,0,1,659,True,False,False,False,False,False,False,False,0.07462686567164178,0.1820940819423369,18.931818181818183,0.5384615384615384,0,0
US,0,0,4577,38,10,1,0,1,0,2,6.0,43.166666666666664,5.0,0.0,476,25,8,6,0,0,1,849,False,False,True,False,False,True,False,False,0.052521008403361345,0.21201413427561838,120.44736842105263,0.6153846153846154,0,1
UK,0,1,6567,62,9,0,1,1,1,2,2.0,49.5,4.0,0.0,458,24,6,3,0,0,1,527,True,False,False,False,False,True,False,False,0.05240174672489083,0.11385199240986718,105.91935483870968,0.46153846153846156,0,0
US,0,0,3582,70,12,1,0,1,0,2,5.0,37.4,3.75,0.0,571,35,7,4,0,1,1,992,False,True,False,False,False,True,False,False,0.06129597197898424,0.15120967741935482,51.17142857142857,0.5384615384615384,0,1
US,0,0,4378,34,16,1,0,1,0,1,4.0,57.5,3.6666666666666665,0.0,864,42,13,7,0,1,1,591,False,True,False,False,False,True,False,False,0.04861111111111111,0.20304568527918782,128.76470588235293,1.0,0,0
